created_at,mac,rssi,interface
2022-04-06 12:09:00.650607,D8:01:00:07:6B:5C,-80,ESP32_1
2022-04-06 12:09:00.658819,D8:01:00:07:6B:5C,-88,ESP32_3
2022-04-06 12:09:01.803609,D8:01:00:07:6B:5C,-98,ESP32_5
2022-04-06 12:09:02.823922,DC:2C:6E:18:84:EB,-67,ESP32_1
2022-04-06 12:09:03.180120,D8:01:00:07:6B:5C,-75,ESP32_1
2022-04-06 12:09:03.708578,DC:2C:6E:18:84:EB,-93,ESP32_3
2022-04-06 12:09:03.711727,DC:2C:6E:18:84:EB,-92,ESP32_6
2022-04-06 12:09:04.468091,D8:01:00:07:6B:5C,-92,ESP32_7
2022-04-06 12:09:05.973164,D8:01:00:07:6B:5C,-90,ESP32_2
2022-04-06 12:09:06.268969,DF:99:1C:50:22:47,-96,ESP32_6
2022-04-06 12:09:07.121901,D8:01:00:07:6B:5C,-83,ESP32_1
2022-04-06 12:09:07.823485,DC:2C:6E:18:84:EB,-90,ESP32_6
2022-04-06 12:09:07.858856,DC:2C:6E:18:84:EB,-64,ESP32_1
2022-04-06 12:09:08.079264,DC:2C:6E:18:84:EB,-92,ESP32_3
2022-04-06 12:09:08.342679,D8:01:00:07:6B:5C,-90,ESP32_2
2022-04-06 12:09:08.464010,D8:01:00:07:6B:5C,-88,ESP32_5
2022-04-06 12:09:08.833563,DF:99:1C:50:22:47,-93,ESP32_6
2022-04-06 12:09:09.118673,DF:99:1C:50:22:47,-71,ESP32_1
2022-04-06 12:09:09.844458,DC:2C:6E:18:84:EB,-68,ESP32_1
2022-04-06 12:09:10.743483,DC:2C:6E:18:84:EB,-68,ESP32_1
2022-04-06 12:09:11.671747,DF:99:1C:50:22:47,-75,ESP32_1
2022-04-06 12:09:12.035846,DC:2C:6E:18:84:EB,-94,ESP32_2
2022-04-06 12:09:12.346470,D8:01:00:07:6B:5C,-84,ESP32_2
2022-04-06 12:09:12.800131,DC:2C:6E:18:84:EB,-66,ESP32_1
2022-04-06 12:09:13.101767,DC:2C:6E:18:84:EB,-89,ESP32_3
2022-04-06 12:09:14.927174,DC:2C:6E:18:84:EB,-95,ESP32_7
2022-04-06 12:09:16.166469,D8:01:00:07:6B:5C,-76,ESP32_1
2022-04-06 12:09:16.532712,DF:99:1C:50:22:47,-97,ESP32_7
2022-04-06 12:09:20.784317,DC:2C:6E:18:84:EB,-67,ESP32_1
2022-04-06 12:09:21.122224,D8:01:00:07:6B:5C,-96,ESP32_7
2022-04-06 12:09:23.788647,DC:2C:6E:18:84:EB,-98,ESP32_5
2022-04-06 12:09:24.357364,DF:99:1C:50:22:47,-68,ESP32_1
2022-04-06 12:09:24.723769,DC:2C:6E:18:84:EB,-92,ESP32_6
2022-04-06 12:09:24.805878,DC:2C:6E:18:84:EB,-68,ESP32_1
2022-04-06 12:09:26.275245,D8:01:00:07:6B:5C,-96,ESP32_7
2022-04-06 12:09:26.353368,D8:01:00:07:6B:5C,-87,ESP32_2
2022-04-06 12:09:26.840625,DF:99:1C:50:22:47,-68,ESP32_1
2022-04-06 12:09:27.074573,DF:99:1C:50:22:47,-95,ESP32_3
2022-04-06 12:09:27.381839,D8:01:00:07:6B:5C,-90,ESP32_6
2022-04-06 12:09:27.612312,D8:01:00:07:6B:5C,-88,ESP32_2
2022-04-06 12:09:28.560707,D8:01:00:07:6B:5C,-92,ESP32_6
2022-04-06 12:09:28.731805,DC:2C:6E:18:84:EB,-95,ESP32_7
2022-04-06 12:09:29.917121,DF:99:1C:50:22:47,-69,ESP32_1
2022-04-06 12:09:30.135584,DC:2C:6E:18:84:EB,-70,ESP32_1
2022-04-06 12:09:31.361308,D8:01:00:07:6B:5C,-84,ESP32_2
2022-04-06 12:09:32.088202,DF:99:1C:50:22:47,-94,ESP32_5
2022-04-06 12:09:32.714072,DC:2C:6E:18:84:EB,-95,ESP32_2
2022-04-06 12:09:33.735578,D8:01:00:07:6B:5C,-82,ESP32_7
2022-04-06 12:09:33.830995,DC:2C:6E:18:84:EB,-95,ESP32_1
2022-04-06 12:09:33.834112,DC:2C:6E:18:84:EB,-95,ESP32_3
2022-04-06 12:09:35.149545,D8:01:00:07:6B:5C,-88,ESP32_1
2022-04-06 12:09:36.792660,DC:2C:6E:18:84:EB,-94,ESP32_2
2022-04-06 12:09:37.608098,D8:01:00:07:6B:5C,-87,ESP32_7
2022-04-06 12:09:37.827451,DC:2C:6E:18:84:EB,-80,ESP32_1
2022-04-06 12:09:38.812703,DC:2C:6E:18:84:EB,-94,ESP32_6
2022-04-06 12:09:42.839609,DC:2C:6E:18:84:EB,-90,ESP32_1
2022-04-06 12:09:44.172705,D8:01:00:07:6B:5C,-82,ESP32_1
2022-04-06 12:09:44.174396,D8:01:00:07:6B:5C,-95,ESP32_3
2022-04-06 12:09:46.661697,D8:01:00:07:6B:5C,-76,ESP32_7
2022-04-06 12:09:46.954632,D8:01:00:07:6B:5C,-93,ESP32_5
2022-04-06 12:09:47.516990,DF:99:1C:50:22:47,-97,ESP32_1
2022-04-06 12:09:50.110411,DF:99:1C:50:22:47,-84,ESP32_1
2022-04-06 12:09:50.503859,D8:01:00:07:6B:5C,-91,ESP32_1
2022-04-06 12:09:51.825336,DC:2C:6E:18:84:EB,-85,ESP32_1
2022-04-06 12:09:51.832439,DC:2C:6E:18:84:EB,-94,ESP32_6
2022-04-06 12:09:52.587226,DF:99:1C:50:22:47,-90,ESP32_7
2022-04-06 12:09:52.778796,DC:2C:6E:18:84:EB,-94,ESP32_5
2022-04-06 12:09:53.194829,D8:01:00:07:6B:5C,-81,ESP32_7
2022-04-06 12:09:53.795791,DC:2C:6E:18:84:EB,-90,ESP32_7
2022-04-06 12:09:55.813161,DC:2C:6E:18:84:EB,-83,ESP32_1
2022-04-06 12:09:56.015282,DC:2C:6E:18:84:EB,-96,ESP32_3
2022-04-06 12:09:56.773556,DC:2C:6E:18:84:EB,-87,ESP32_6
2022-04-06 12:09:56.923761,D8:01:00:07:6B:5C,-92,ESP32_6
2022-04-06 12:09:57.071640,D8:01:00:07:6B:5C,-65,ESP32_1
2022-04-06 12:09:59.818511,DC:2C:6E:18:84:EB,-82,ESP32_1
2022-04-06 12:10:00.844693,DC:2C:6E:18:84:EB,-89,ESP32_6
2022-04-06 12:10:00.861967,D8:01:00:07:6B:5C,-83,ESP32_3
2022-04-06 12:10:00.866889,D8:01:00:07:6B:5C,-85,ESP32_1
2022-04-06 12:10:02.302358,D8:01:00:07:6B:5C,-92,ESP32_5
2022-04-06 12:10:02.911073,DF:99:1C:50:22:47,-92,ESP32_6
2022-04-06 12:10:02.976735,DF:99:1C:50:22:47,-91,ESP32_1
2022-04-06 12:10:03.401067,D8:01:00:07:6B:5C,-82,ESP32_6
2022-04-06 12:10:03.678775,D8:01:00:07:6B:5C,-72,ESP32_1
2022-04-06 12:10:03.920025,DC:2C:6E:18:84:EB,-85,ESP32_6
2022-04-06 12:10:05.031936,DC:2C:6E:18:84:EB,-63,ESP32_1
2022-04-06 12:10:05.529234,DF:99:1C:50:22:47,-87,ESP32_6
2022-04-06 12:10:05.975737,DC:2C:6E:18:84:EB,-60,ESP32_1
2022-04-06 12:10:06.339210,D8:01:00:07:6B:5C,-87,ESP32_2
2022-04-06 12:10:08.170078,DF:99:1C:50:22:47,-94,ESP32_2
2022-04-06 12:10:08.672533,D8:01:00:07:6B:5C,-92,ESP32_2
2022-04-06 12:10:08.843777,DC:2C:6E:18:84:EB,-62,ESP32_1
2022-04-06 12:10:10.018877,DC:2C:6E:18:84:EB,-68,ESP32_1
2022-04-06 12:10:10.140738,D8:01:00:07:6B:5C,-64,ESP32_1
2022-04-06 12:10:10.287741,D8:01:00:07:6B:5C,-93,ESP32_3
2022-04-06 12:10:13.823008,DC:2C:6E:18:84:EB,-78,ESP32_6
2022-04-06 12:10:15.050620,D8:01:00:07:6B:5C,-84,ESP32_6
2022-04-06 12:10:15.201295,D8:01:00:07:6B:5C,-88,ESP32_3
2022-04-06 12:10:18.694114,D8:01:00:07:6B:5C,-91,ESP32_5
2022-04-06 12:10:18.714369,D8:01:00:07:6B:5C,-94,ESP32_2
2022-04-06 12:10:20.757025,DC:2C:6E:18:84:EB,-94,ESP32_5
2022-04-06 12:10:20.997716,DF:99:1C:50:22:47,-80,ESP32_6
2022-04-06 12:10:21.029208,DF:99:1C:50:22:47,-86,ESP32_1
2022-04-06 12:10:22.068466,DC:2C:6E:18:84:EB,-74,ESP32_1
2022-04-06 12:10:22.459744,D8:01:00:07:6B:5C,-78,ESP32_6
2022-04-06 12:10:22.478828,D8:01:00:07:6B:5C,-80,ESP32_1
2022-04-06 12:10:22.539916,D8:01:00:07:6B:5C,-86,ESP32_3
2022-04-06 12:10:22.831450,DC:2C:6E:18:84:EB,-90,ESP32_6
2022-04-06 12:10:22.885338,DC:2C:6E:18:84:EB,-72,ESP32_1
2022-04-06 12:10:23.448570,DF:99:1C:50:22:47,-85,ESP32_1
2022-04-06 12:10:23.560322,DF:99:1C:50:22:47,-97,ESP32_3
2022-04-06 12:10:24.945726,DC:2C:6E:18:84:EB,-95,ESP32_5
2022-04-06 12:10:25.079083,D8:01:00:07:6B:5C,-77,ESP32_6
2022-04-06 12:10:25.184501,D8:01:00:07:6B:5C,-84,ESP32_3
2022-04-06 12:10:25.237490,D8:01:00:07:6B:5C,-76,ESP32_1
2022-04-06 12:10:26.166159,DF:99:1C:50:22:47,-74,ESP32_1
2022-04-06 12:10:26.833985,DC:2C:6E:18:84:EB,-87,ESP32_6
2022-04-06 12:10:26.842870,DC:2C:6E:18:84:EB,-72,ESP32_1
2022-04-06 12:10:26.939282,DC:2C:6E:18:84:EB,-93,ESP32_3
2022-04-06 12:10:27.588131,D8:01:00:07:6B:5C,-89,ESP32_2
2022-04-06 12:10:27.604411,D8:01:00:07:6B:5C,-88,ESP32_5
2022-04-06 12:10:27.760565,DC:2C:6E:18:84:EB,-86,ESP32_6
2022-04-06 12:10:28.988031,D8:01:00:07:6B:5C,-76,ESP32_6
2022-04-06 12:10:29.090403,D8:01:00:07:6B:5C,-75,ESP32_1
2022-04-06 12:10:29.167043,D8:01:00:07:6B:5C,-86,ESP32_3
2022-04-06 12:10:29.935802,DC:2C:6E:18:84:EB,-93,ESP32_2
2022-04-06 12:10:30.303336,D8:01:00:07:6B:5C,-88,ESP32_5
2022-04-06 12:10:31.152201,DC:2C:6E:18:84:EB,-95,ESP32_3
2022-04-06 12:10:31.476987,D8:01:00:07:6B:5C,-76,ESP32_6
2022-04-06 12:10:31.861586,DC:2C:6E:18:84:EB,-77,ESP32_1
2022-04-06 12:10:34.143981,D8:01:00:07:6B:5C,-95,ESP32_2
2022-04-06 12:10:34.784101,DC:2C:6E:18:84:EB,-86,ESP32_6
2022-04-06 12:10:35.326129,D8:01:00:07:6B:5C,-69,ESP32_1
2022-04-06 12:10:36.735963,D8:01:00:07:6B:5C,-98,ESP32_5
2022-04-06 12:10:38.803212,DC:2C:6E:18:84:EB,-95,ESP32_2
2022-04-06 12:10:39.774793,DC:2C:6E:18:84:EB,-88,ESP32_6
2022-04-06 12:10:40.586528,D8:01:00:07:6B:5C,-92,ESP32_2
2022-04-06 12:10:41.713529,DF:99:1C:50:22:47,-94,ESP32_3
2022-04-06 12:10:41.803335,DF:99:1C:50:22:47,-75,ESP32_1
2022-04-06 12:10:42.076560,D8:01:00:07:6B:5C,-77,ESP32_1
2022-04-06 12:10:43.151860,D8:01:00:07:6B:5C,-88,ESP32_5
2022-04-06 12:10:43.157959,D8:01:00:07:6B:5C,-84,ESP32_3
2022-04-06 12:10:44.704007,D8:01:00:07:6B:5C,-83,ESP32_3
2022-04-06 12:10:47.064720,D8:01:00:07:6B:5C,-89,ESP32_2
2022-04-06 12:10:47.278396,D8:01:00:07:6B:5C,-85,ESP32_5
2022-04-06 12:10:47.798976,DC:2C:6E:18:84:EB,-80,ESP32_5
2022-04-06 12:10:48.259346,D8:01:00:07:6B:5C,-76,ESP32_1
2022-04-06 12:10:48.669144,D8:01:00:07:6B:5C,-90,ESP32_3
2022-04-06 12:10:48.754217,DC:2C:6E:18:84:EB,-91,ESP32_6
2022-04-06 12:10:48.974561,DC:2C:6E:18:84:EB,-77,ESP32_1
2022-04-06 12:10:49.303661,DF:99:1C:50:22:47,-92,ESP32_5
2022-04-06 12:10:49.623240,D8:01:00:07:6B:5C,-77,ESP32_2
2022-04-06 12:10:49.631583,D8:01:00:07:6B:5C,-82,ESP32_5
2022-04-06 12:10:49.923562,DC:2C:6E:18:84:EB,-78,ESP32_1
2022-04-06 12:10:51.776373,DC:2C:6E:18:84:EB,-98,ESP32_5
2022-04-06 12:10:52.940210,DC:2C:6E:18:84:EB,-66,ESP32_1
2022-04-06 12:10:53.506653,D8:01:00:07:6B:5C,-92,ESP32_2
2022-04-06 12:10:53.509778,D8:01:00:07:6B:5C,-84,ESP32_5
2022-04-06 12:10:54.373183,DF:99:1C:50:22:47,-80,ESP32_1
2022-04-06 12:10:54.486948,DF:99:1C:50:22:47,-97,ESP32_3
2022-04-06 12:10:54.850964,D8:01:00:07:6B:5C,-89,ESP32_3
2022-04-06 12:10:54.857340,D8:01:00:07:6B:5C,-90,ESP32_7
2022-04-06 12:10:57.174193,DF:99:1C:50:22:47,-98,ESP32_3
2022-04-06 12:10:57.237412,DF:99:1C:50:22:47,-84,ESP32_1
2022-04-06 12:10:57.350564,D8:01:00:07:6B:5C,-91,ESP32_6
2022-04-06 12:10:57.371717,D8:01:00:07:6B:5C,-80,ESP32_1
2022-04-06 12:10:57.480517,D8:01:00:07:6B:5C,-85,ESP32_3
2022-04-06 12:10:59.611455,DF:99:1C:50:22:47,-85,ESP32_1
2022-04-06 12:10:59.861411,D8:01:00:07:6B:5C,-91,ESP32_2
2022-04-06 12:11:01.030374,DC:2C:6E:18:84:EB,-80,ESP32_1
2022-04-06 12:11:01.248191,D8:01:00:07:6B:5C,-80,ESP32_1
2022-04-06 12:11:01.960348,DC:2C:6E:18:84:EB,-80,ESP32_1
2022-04-06 12:11:02.314859,D8:01:00:07:6B:5C,-82,ESP32_1
2022-04-06 12:11:02.510443,D8:01:00:07:6B:5C,-87,ESP32_3
2022-04-06 12:11:02.878679,DC:2C:6E:18:84:EB,-79,ESP32_1
2022-04-06 12:11:06.281502,D8:01:00:07:6B:5C,-76,ESP32_1
2022-04-06 12:11:07.011944,DC:2C:6E:18:84:EB,-92,ESP32_3
2022-04-06 12:11:08.588390,D8:01:00:07:6B:5C,-91,ESP32_7
2022-04-06 12:11:10.273825,D8:01:00:07:6B:5C,-87,ESP32_3
2022-04-06 12:11:11.076371,DC:2C:6E:18:84:EB,-92,ESP32_3
2022-04-06 12:11:11.269517,DC:2C:6E:18:84:EB,-84,ESP32_1
2022-04-06 12:11:11.835124,DC:2C:6E:18:84:EB,-86,ESP32_1
2022-04-06 12:11:12.568158,D8:01:00:07:6B:5C,-78,ESP32_5
2022-04-06 12:11:13.739131,D8:01:00:07:6B:5C,-89,ESP32_6
2022-04-06 12:11:13.826626,D8:01:00:07:6B:5C,-81,ESP32_1
2022-04-06 12:11:14.846170,DC:2C:6E:18:84:EB,-99,ESP32_7
2022-04-06 12:11:15.053724,DC:2C:6E:18:84:EB,-92,ESP32_3
2022-04-06 12:11:15.091251,D8:01:00:07:6B:5C,-91,ESP32_5
2022-04-06 12:11:15.092854,DF:99:1C:50:22:47,-88,ESP32_1
2022-04-06 12:11:15.171199,DF:99:1C:50:22:47,-97,ESP32_3
2022-04-06 12:11:16.117971,DC:2C:6E:18:84:EB,-93,ESP32_3
2022-04-06 12:11:16.640995,D8:01:00:07:6B:5C,-88,ESP32_2
2022-04-06 12:11:18.879704,D8:01:00:07:6B:5C,-95,ESP32_7
2022-04-06 12:11:20.592594,D8:01:00:07:6B:5C,-94,ESP32_3
2022-04-06 12:11:21.556135,D8:01:00:07:6B:5C,-91,ESP32_7
2022-04-06 12:11:21.594988,D8:01:00:07:6B:5C,-90,ESP32_2
2022-04-06 12:11:22.795724,D8:01:00:07:6B:5C,-78,ESP32_1
2022-04-06 12:11:22.992873,D8:01:00:07:6B:5C,-95,ESP32_3
2022-04-06 12:11:24.049232,D8:01:00:07:6B:5C,-88,ESP32_5
2022-04-06 12:11:24.151079,D8:01:00:07:6B:5C,-92,ESP32_7
2022-04-06 12:11:24.160308,D8:01:00:07:6B:5C,-90,ESP32_2
2022-04-06 12:11:24.887594,DC:2C:6E:18:84:EB,-80,ESP32_1
2022-04-06 12:11:25.349017,DF:99:1C:50:22:47,-96,ESP32_5
2022-04-06 12:11:27.904032,DF:99:1C:50:22:47,-92,ESP32_1
2022-04-06 12:11:27.995532,D8:01:00:07:6B:5C,-91,ESP32_7
2022-04-06 12:11:28.886160,DC:2C:6E:18:84:EB,-90,ESP32_1
2022-04-06 12:11:29.299371,D8:01:00:07:6B:5C,-92,ESP32_3
2022-04-06 12:11:31.817522,D8:01:00:07:6B:5C,-88,ESP32_7
2022-04-06 12:11:31.842384,D8:01:00:07:6B:5C,-95,ESP32_5
2022-04-06 12:11:31.852838,DC:2C:6E:18:84:EB,-86,ESP32_7
2022-04-06 12:11:33.048333,DF:99:1C:50:22:47,-92,ESP32_1
2022-04-06 12:11:33.326670,D8:01:00:07:6B:5C,-87,ESP32_3
2022-04-06 12:11:34.365578,D8:01:00:07:6B:5C,-83,ESP32_7
2022-04-06 12:11:35.618705,DF:99:1C:50:22:47,-89,ESP32_7
2022-04-06 12:11:35.909621,DC:2C:6E:18:84:EB,-86,ESP32_7
2022-04-06 12:11:36.828118,DC:2C:6E:18:84:EB,-89,ESP32_7
2022-04-06 12:11:38.363739,DF:99:1C:50:22:47,-92,ESP32_7
2022-04-06 12:11:39.559581,D8:01:00:07:6B:5C,-98,ESP32_3
2022-04-06 12:11:39.867036,DC:2C:6E:18:84:EB,-99,ESP32_7
2022-04-06 12:11:40.836612,D8:01:00:07:6B:5C,-90,ESP32_7
2022-04-06 12:11:40.841335,DC:2C:6E:18:84:EB,-87,ESP32_7
2022-04-06 12:11:40.891812,D8:01:00:07:6B:5C,-98,ESP32_5
2022-04-06 12:11:42.121241,D8:01:00:07:6B:5C,-87,ESP32_1
2022-04-06 12:11:42.322901,D8:01:00:07:6B:5C,-90,ESP32_3
2022-04-06 12:11:42.924768,DC:2C:6E:18:84:EB,-84,ESP32_1
2022-04-06 12:11:44.698221,D8:01:00:07:6B:5C,-83,ESP32_7
2022-04-06 12:11:44.795250,D8:01:00:07:6B:5C,-91,ESP32_2
2022-04-06 12:11:45.890911,DF:99:1C:50:22:47,-96,ESP32_1
2022-04-06 12:11:47.372550,D8:01:00:07:6B:5C,-92,ESP32_7
2022-04-06 12:11:48.824509,DC:2C:6E:18:84:EB,-82,ESP32_7
2022-04-06 12:11:48.855558,D8:01:00:07:6B:5C,-88,ESP32_1
2022-04-06 12:11:49.844090,DC:2C:6E:18:84:EB,-81,ESP32_7
2022-04-06 12:11:49.848618,DC:2C:6E:18:84:EB,-95,ESP32_2
2022-04-06 12:11:49.915826,DC:2C:6E:18:84:EB,-97,ESP32_8
2022-04-06 12:11:51.263443,D8:01:00:07:6B:5C,-83,ESP32_7
2022-04-06 12:11:51.269751,D8:01:00:07:6B:5C,-94,ESP32_5
2022-04-06 12:11:52.309997,D8:01:00:07:6B:5C,-82,ESP32_2
2022-04-06 12:11:53.810890,D8:01:00:07:6B:5C,-89,ESP32_3
2022-04-06 12:11:53.812218,DC:2C:6E:18:84:EB,-81,ESP32_7
2022-04-06 12:11:53.821578,DC:2C:6E:18:84:EB,-97,ESP32_5
2022-04-06 12:11:54.851129,D8:01:00:07:6B:5C,-83,ESP32_7
2022-04-06 12:11:56.178915,DF:99:1C:50:22:47,-90,ESP32_7
2022-04-06 12:11:57.368496,D8:01:00:07:6B:5C,-85,ESP32_1
2022-04-06 12:11:57.486551,D8:01:00:07:6B:5C,-86,ESP32_3
2022-04-06 12:11:57.805880,DC:2C:6E:18:84:EB,-81,ESP32_7
2022-04-06 12:11:58.817332,DC:2C:6E:18:84:EB,-81,ESP32_7
2022-04-06 12:11:59.870126,D8:01:00:07:6B:5C,-83,ESP32_2
2022-04-06 12:12:01.806920,DC:2C:6E:18:84:EB,-81,ESP32_7
2022-04-06 12:12:02.851218,DC:2C:6E:18:84:EB,-84,ESP32_7
2022-04-06 12:12:03.904792,D8:01:00:07:6B:5C,-97,ESP32_1
2022-04-06 12:12:04.157247,D8:01:00:07:6B:5C,-91,ESP32_3
2022-04-06 12:12:04.195188,DC:2C:6E:18:84:EB,-93,ESP32_1
2022-04-06 12:12:04.929478,DC:2C:6E:18:84:EB,-94,ESP32_1
2022-04-06 12:12:06.339884,D8:01:00:07:6B:5C,-93,ESP32_5
2022-04-06 12:12:06.416397,D8:01:00:07:6B:5C,-83,ESP32_2
2022-04-06 12:12:06.822079,DC:2C:6E:18:84:EB,-77,ESP32_7
2022-04-06 12:12:07.717529,D8:01:00:07:6B:5C,-94,ESP32_1
2022-04-06 12:12:07.929000,DC:2C:6E:18:84:EB,-81,ESP32_7
2022-04-06 12:12:10.219832,D8:01:00:07:6B:5C,-81,ESP32_7
2022-04-06 12:12:10.226745,D8:01:00:07:6B:5C,-87,ESP32_5
2022-04-06 12:12:10.235497,D8:01:00:07:6B:5C,-86,ESP32_2
2022-04-06 12:12:10.354456,D8:01:00:07:6B:5C,-96,ESP32_8
2022-04-06 12:12:11.738525,DF:99:1C:50:22:47,-89,ESP32_7
2022-04-06 12:12:11.831614,DC:2C:6E:18:84:EB,-77,ESP32_7
2022-04-06 12:12:12.756478,D8:01:00:07:6B:5C,-93,ESP32_8
2022-04-06 12:12:12.762090,D8:01:00:07:6B:5C,-90,ESP32_7
2022-04-06 12:12:12.769593,D8:01:00:07:6B:5C,-84,ESP32_2
2022-04-06 12:12:16.683235,D8:01:00:07:6B:5C,-84,ESP32_8
2022-04-06 12:12:19.315539,D8:01:00:07:6B:5C,-88,ESP32_8
2022-04-06 12:12:22.062081,DC:2C:6E:18:84:EB,-88,ESP32_1
2022-04-06 12:12:22.186831,DF:99:1C:50:22:47,-89,ESP32_1
2022-04-06 12:12:23.092527,D8:01:00:07:6B:5C,-91,ESP32_8
2022-04-06 12:12:23.097937,D8:01:00:07:6B:5C,-95,ESP32_7
2022-04-06 12:12:23.141922,D8:01:00:07:6B:5C,-82,ESP32_2
2022-04-06 12:12:23.275172,D8:01:00:07:6B:5C,-97,ESP32_1
2022-04-06 12:12:23.922425,DC:2C:6E:18:84:EB,-95,ESP32_8
2022-04-06 12:12:23.938216,DC:2C:6E:18:84:EB,-92,ESP32_2
2022-04-06 12:12:26.960768,DC:2C:6E:18:84:EB,-84,ESP32_1
2022-04-06 12:12:27.169770,D8:01:00:07:6B:5C,-92,ESP32_1
2022-04-06 12:12:29.037841,DC:2C:6E:18:84:EB,-89,ESP32_2
2022-04-06 12:12:29.518630,D8:01:00:07:6B:5C,-94,ESP32_1
2022-04-06 12:12:29.844280,DC:2C:6E:18:84:EB,-97,ESP32_8
2022-04-06 12:12:29.865135,DF:99:1C:50:22:47,-90,ESP32_2
2022-04-06 12:12:29.886461,DC:2C:6E:18:84:EB,-95,ESP32_5
2022-04-06 12:12:32.125769,D8:01:00:07:6B:5C,-88,ESP32_5
2022-04-06 12:12:32.141852,D8:01:00:07:6B:5C,-91,ESP32_8
2022-04-06 12:12:32.936251,DC:2C:6E:18:84:EB,-84,ESP32_8
2022-04-06 12:12:32.953260,DC:2C:6E:18:84:EB,-94,ESP32_2
2022-04-06 12:12:33.939485,DC:2C:6E:18:84:EB,-92,ESP32_2
2022-04-06 12:12:37.945175,DC:2C:6E:18:84:EB,-95,ESP32_8
2022-04-06 12:12:38.682967,D8:01:00:07:6B:5C,-89,ESP32_8
2022-04-06 12:12:38.963887,D8:01:00:07:6B:5C,-93,ESP32_2
2022-04-06 12:12:39.979553,D8:01:00:07:6B:5C,-96,ESP32_1
2022-04-06 12:12:41.241127,D8:01:00:07:6B:5C,-83,ESP32_2
2022-04-06 12:12:41.943308,DC:2C:6E:18:84:EB,-95,ESP32_5
2022-04-06 12:12:41.948865,DC:2C:6E:18:84:EB,-89,ESP32_2
2022-04-06 12:12:42.886885,DC:2C:6E:18:84:EB,-97,ESP32_8
2022-04-06 12:12:42.968931,DC:2C:6E:18:84:EB,-97,ESP32_2
2022-04-06 12:12:43.596910,D8:01:00:07:6B:5C,-91,ESP32_8
2022-04-06 12:12:45.213625,DF:99:1C:50:22:47,-92,ESP32_2
2022-04-06 12:12:46.168982,D8:01:00:07:6B:5C,-82,ESP32_2
2022-04-06 12:12:46.231857,D8:01:00:07:6B:5C,-95,ESP32_5
2022-04-06 12:12:46.978830,DC:2C:6E:18:84:EB,-93,ESP32_5
2022-04-06 12:12:47.151891,DC:2C:6E:18:84:EB,-83,ESP32_2
2022-04-06 12:12:47.269199,D8:01:00:07:6B:5C,-86,ESP32_2
2022-04-06 12:12:47.811955,DF:99:1C:50:22:47,-92,ESP32_2
2022-04-06 12:12:51.267647,D8:01:00:07:6B:5C,-86,ESP32_2
2022-04-06 12:12:51.883621,DC:2C:6E:18:84:EB,-95,ESP32_8
2022-04-06 12:12:52.072146,DC:2C:6E:18:84:EB,-90,ESP32_1
2022-04-06 12:12:53.152443,DC:2C:6E:18:84:EB,-89,ESP32_1
2022-04-06 12:12:54.874212,DC:2C:6E:18:84:EB,-96,ESP32_5
2022-04-06 12:12:55.332457,D8:01:00:07:6B:5C,-96,ESP32_3
2022-04-06 12:12:55.465176,DF:99:1C:50:22:47,-91,ESP32_1
2022-04-06 12:12:55.979512,DC:2C:6E:18:84:EB,-93,ESP32_7
2022-04-06 12:12:56.079231,DC:2C:6E:18:84:EB,-90,ESP32_2
2022-04-06 12:12:57.068431,DC:2C:6E:18:84:EB,-79,ESP32_1
2022-04-06 12:12:57.615134,D8:01:00:07:6B:5C,-95,ESP32_5
2022-04-06 12:12:57.990063,DC:2C:6E:18:84:EB,-85,ESP32_1
2022-04-06 12:12:58.090865,DF:99:1C:50:22:47,-80,ESP32_1
2022-04-06 12:12:59.041282,D8:01:00:07:6B:5C,-74,ESP32_1
2022-04-06 12:13:00.958663,DC:2C:6E:18:84:EB,-96,ESP32_6
2022-04-06 12:13:01.555683,D8:01:00:07:6B:5C,-69,ESP32_1
2022-04-06 12:13:05.462867,D8:01:00:07:6B:5C,-78,ESP32_1
2022-04-06 12:13:05.464892,D8:01:00:07:6B:5C,-79,ESP32_6
2022-04-06 12:13:05.989656,DC:2C:6E:18:84:EB,-87,ESP32_1
2022-04-06 12:13:09.359173,D8:01:00:07:6B:5C,-84,ESP32_6
2022-04-06 12:13:10.526031,D8:01:00:07:6B:5C,-85,ESP32_2
2022-04-06 12:13:10.970668,DC:2C:6E:18:84:EB,-92,ESP32_6
2022-04-06 12:13:11.148788,DC:2C:6E:18:84:EB,-88,ESP32_1
2022-04-06 12:13:11.925667,D8:01:00:07:6B:5C,-71,ESP32_1
2022-04-06 12:13:11.961591,D8:01:00:07:6B:5C,-88,ESP32_3
2022-04-06 12:13:11.975239,D8:01:00:07:6B:5C,-81,ESP32_6
2022-04-06 12:13:13.079673,D8:01:00:07:6B:5C,-90,ESP32_5
2022-04-06 12:13:13.201245,D8:01:00:07:6B:5C,-90,ESP32_2
2022-04-06 12:13:13.444268,DF:99:1C:50:22:47,-89,ESP32_6
2022-04-06 12:13:13.462957,DF:99:1C:50:22:47,-89,ESP32_1
2022-04-06 12:13:14.372092,D8:01:00:07:6B:5C,-88,ESP32_3
2022-04-06 12:13:14.411329,D8:01:00:07:6B:5C,-87,ESP32_1
2022-04-06 12:13:14.417674,D8:01:00:07:6B:5C,-84,ESP32_6
2022-04-06 12:13:15.021586,DC:2C:6E:18:84:EB,-85,ESP32_1
2022-04-06 12:13:16.311223,DF:99:1C:50:22:47,-84,ESP32_1
2022-04-06 12:13:17.969071,DC:2C:6E:18:84:EB,-89,ESP32_1
2022-04-06 12:13:18.402438,D8:01:00:07:6B:5C,-75,ESP32_1
2022-04-06 12:13:19.548898,D8:01:00:07:6B:5C,-97,ESP32_7
2022-04-06 12:13:20.924535,D8:01:00:07:6B:5C,-75,ESP32_6
2022-04-06 12:13:20.944678,D8:01:00:07:6B:5C,-79,ESP32_1
2022-04-06 12:13:23.933498,DC:2C:6E:18:84:EB,-85,ESP32_1
2022-04-06 12:13:25.874587,DC:2C:6E:18:84:EB,-94,ESP32_2
2022-04-06 12:13:27.326744,D8:01:00:07:6B:5C,-90,ESP32_6
2022-04-06 12:13:27.395114,D8:01:00:07:6B:5C,-83,ESP32_1
2022-04-06 12:13:28.944444,DF:99:1C:50:22:47,-85,ESP32_1
2022-04-06 12:13:29.035528,DF:99:1C:50:22:47,-89,ESP32_6
2022-04-06 12:13:31.253975,D8:01:00:07:6B:5C,-93,ESP32_3
2022-04-06 12:13:31.300615,D8:01:00:07:6B:5C,-79,ESP32_1
2022-04-06 12:13:31.586236,DF:99:1C:50:22:47,-76,ESP32_6
2022-04-06 12:13:31.971369,DC:2C:6E:18:84:EB,-92,ESP32_6
2022-04-06 12:13:32.300587,D8:01:00:07:6B:5C,-85,ESP32_6
2022-04-06 12:13:32.407392,D8:01:00:07:6B:5C,-73,ESP32_1
2022-04-06 12:13:32.497624,D8:01:00:07:6B:5C,-84,ESP32_3
2022-04-06 12:13:32.994799,DC:2C:6E:18:84:EB,-90,ESP32_6
2022-04-06 12:13:34.066870,DF:99:1C:50:22:47,-87,ESP32_5
2022-04-06 12:13:35.016018,D8:01:00:07:6B:5C,-73,ESP32_1
2022-04-06 12:13:35.035295,DC:2C:6E:18:84:EB,-97,ESP32_5
2022-04-06 12:13:35.057668,D8:01:00:07:6B:5C,-88,ESP32_3
2022-04-06 12:13:36.730703,DF:99:1C:50:22:47,-85,ESP32_2
2022-04-06 12:13:36.921689,DF:99:1C:50:22:47,-89,ESP32_5
2022-04-06 12:13:36.938015,DC:2C:6E:18:84:EB,-90,ESP32_6
2022-04-06 12:13:37.011870,DC:2C:6E:18:84:EB,-77,ESP32_1
2022-04-06 12:13:37.199518,DC:2C:6E:18:84:EB,-91,ESP32_3
2022-04-06 12:13:38.675263,D8:01:00:07:6B:5C,-92,ESP32_5
2022-04-06 12:13:39.011743,DC:2C:6E:18:84:EB,-88,ESP32_2
2022-04-06 12:13:39.090124,DC:2C:6E:18:84:EB,-97,ESP32_5
2022-04-06 12:13:39.956076,D8:01:00:07:6B:5C,-91,ESP32_6
2022-04-06 12:13:39.983039,D8:01:00:07:6B:5C,-81,ESP32_1
2022-04-06 12:13:40.016967,DC:2C:6E:18:84:EB,-97,ESP32_2
2022-04-06 12:13:40.034288,DC:2C:6E:18:84:EB,-85,ESP32_7
2022-04-06 12:13:41.390802,D8:01:00:07:6B:5C,-95,ESP32_5
2022-04-06 12:13:42.065894,DC:2C:6E:18:84:EB,-80,ESP32_7
2022-04-06 12:13:42.423531,D8:01:00:07:6B:5C,-90,ESP32_6
2022-04-06 12:13:42.544705,D8:01:00:07:6B:5C,-74,ESP32_1
2022-04-06 12:13:43.931721,DC:2C:6E:18:84:EB,-95,ESP32_7
2022-04-06 12:13:44.955563,DC:2C:6E:18:84:EB,-95,ESP32_7
2022-04-06 12:13:44.975433,DC:2C:6E:18:84:EB,-88,ESP32_8
2022-04-06 12:13:44.992931,DC:2C:6E:18:84:EB,-86,ESP32_1
2022-04-06 12:13:46.887268,DC:2C:6E:18:84:EB,-96,ESP32_7
2022-04-06 12:13:47.061668,DF:99:1C:50:22:47,-83,ESP32_6
2022-04-06 12:13:47.138813,DF:99:1C:50:22:47,-84,ESP32_3
2022-04-06 12:13:47.587702,D8:01:00:07:6B:5C,-93,ESP32_5
2022-04-06 12:13:48.011319,DC:2C:6E:18:84:EB,-87,ESP32_8
2022-04-06 12:13:49.014620,D8:01:00:07:6B:5C,-90,ESP32_1
2022-04-06 12:13:49.033786,DC:2C:6E:18:84:EB,-84,ESP32_8
2022-04-06 12:13:49.074185,D8:01:00:07:6B:5C,-92,ESP32_3
2022-04-06 12:13:49.576486,DF:99:1C:50:22:47,-74,ESP32_6
2022-04-06 12:13:50.015211,DF:99:1C:50:22:47,-87,ESP32_1
2022-04-06 12:13:51.512304,D8:01:00:07:6B:5C,-92,ESP32_5
2022-04-06 12:13:52.067433,DF:99:1C:50:22:47,-89,ESP32_2
2022-04-06 12:13:52.119797,DF:99:1C:50:22:47,-93,ESP32_5
2022-04-06 12:13:52.791999,D8:01:00:07:6B:5C,-86,ESP32_6
2022-04-06 12:13:52.887385,D8:01:00:07:6B:5C,-85,ESP32_1
2022-04-06 12:13:52.963307,D8:01:00:07:6B:5C,-85,ESP32_3
2022-04-06 12:13:52.993576,DC:2C:6E:18:84:EB,-89,ESP32_2
2022-04-06 12:13:54.015088,DC:2C:6E:18:84:EB,-90,ESP32_1
2022-04-06 12:13:54.230264,D8:01:00:07:6B:5C,-91,ESP32_5
2022-04-06 12:13:55.368417,D8:01:00:07:6B:5C,-84,ESP32_1
2022-04-06 12:13:56.985223,D8:01:00:07:6B:5C,-74,ESP32_1
2022-04-06 12:13:57.231508,DF:99:1C:50:22:47,-83,ESP32_5
2022-04-06 12:13:57.348764,DF:99:1C:50:22:47,-88,ESP32_2
2022-04-06 12:13:58.036446,DC:2C:6E:18:84:EB,-89,ESP32_2
2022-04-06 12:13:59.973794,DC:2C:6E:18:84:EB,-96,ESP32_7
2022-04-06 12:14:00.502809,D8:01:00:07:6B:5C,-92,ESP32_5
2022-04-06 12:14:01.908744,D8:01:00:07:6B:5C,-88,ESP32_1
2022-04-06 12:14:01.920672,DC:2C:6E:18:84:EB,-96,ESP32_8
2022-04-06 12:14:03.097255,DC:2C:6E:18:84:EB,-91,ESP32_1
2022-04-06 12:14:04.269582,DC:2C:6E:18:84:EB,-88,ESP32_1
2022-04-06 12:14:04.448605,D8:01:00:07:6B:5C,-74,ESP32_1
2022-04-06 12:14:04.457571,D8:01:00:07:6B:5C,-93,ESP32_6
2022-04-06 12:14:04.966175,DF:99:1C:50:22:47,-86,ESP32_6
2022-04-06 12:14:05.186872,DF:99:1C:50:22:47,-74,ESP32_3
2022-04-06 12:14:05.965429,D8:01:00:07:6B:5C,-72,ESP32_1
2022-04-06 12:14:06.962895,DC:2C:6E:18:84:EB,-95,ESP32_8
2022-04-06 12:14:07.279602,DC:2C:6E:18:84:EB,-87,ESP32_2
2022-04-06 12:14:07.518972,DF:99:1C:50:22:47,-80,ESP32_6
2022-04-06 12:14:07.532256,DF:99:1C:50:22:47,-78,ESP32_1
2022-04-06 12:14:07.749968,DF:99:1C:50:22:47,-83,ESP32_3
2022-04-06 12:14:08.268294,D8:01:00:07:6B:5C,-88,ESP32_6
2022-04-06 12:14:08.376121,D8:01:00:07:6B:5C,-84,ESP32_1
2022-04-06 12:14:09.601099,D8:01:00:07:6B:5C,-95,ESP32_5
2022-04-06 12:14:10.092887,DF:99:1C:50:22:47,-83,ESP32_2
2022-04-06 12:14:10.096301,DC:2C:6E:18:84:EB,-93,ESP32_5
2022-04-06 12:14:10.238209,DF:99:1C:50:22:47,-89,ESP32_5
2022-04-06 12:14:10.290608,DF:99:1C:50:22:47,-79,ESP32_6
2022-04-06 12:14:10.322850,DF:99:1C:50:22:47,-95,ESP32_3
2022-04-06 12:14:10.893926,D8:01:00:07:6B:5C,-83,ESP32_6
2022-04-06 12:14:10.924414,D8:01:00:07:6B:5C,-95,ESP32_3
2022-04-06 12:14:10.940890,DC:2C:6E:18:84:EB,-74,ESP32_7
2022-04-06 12:14:11.027469,DC:2C:6E:18:84:EB,-92,ESP32_5
2022-04-06 12:14:11.214002,D8:01:00:07:6B:5C,-72,ESP32_1
2022-04-06 12:14:12.317861,D8:01:00:07:6B:5C,-84,ESP32_6
2022-04-06 12:14:12.774603,DF:99:1C:50:22:47,-88,ESP32_2
2022-04-06 12:14:13.418945,D8:01:00:07:6B:5C,-92,ESP32_5
2022-04-06 12:14:16.026210,DC:2C:6E:18:84:EB,-97,ESP32_3
2022-04-06 12:14:16.152860,DC:2C:6E:18:84:EB,-88,ESP32_1
2022-04-06 12:14:17.083682,DC:2C:6E:18:84:EB,-99,ESP32_3
2022-04-06 12:14:17.476836,D8:01:00:07:6B:5C,-96,ESP32_6
2022-04-06 12:14:17.664741,D8:01:00:07:6B:5C,-82,ESP32_1
2022-04-06 12:14:18.578001,D8:01:00:07:6B:5C,-90,ESP32_1
2022-04-06 12:14:18.937027,DC:2C:6E:18:84:EB,-97,ESP32_5
2022-04-06 12:14:19.031483,DC:2C:6E:18:84:EB,-76,ESP32_7
2022-04-06 12:14:19.046281,DC:2C:6E:18:84:EB,-89,ESP32_2
2022-04-06 12:14:19.955553,D8:01:00:07:6B:5C,-94,ESP32_5
2022-04-06 12:14:19.961503,D8:01:00:07:6B:5C,-97,ESP32_2
2022-04-06 12:14:19.965509,DC:2C:6E:18:84:EB,-84,ESP32_7
2022-04-06 12:14:20.039548,DC:2C:6E:18:84:EB,-86,ESP32_2
2022-04-06 12:14:21.116938,DC:2C:6E:18:84:EB,-85,ESP32_1
2022-04-06 12:14:22.689013,D8:01:00:07:6B:5C,-89,ESP32_1
2022-04-06 12:14:23.010110,DF:99:1C:50:22:47,-78,ESP32_6
2022-04-06 12:14:23.069890,DF:99:1C:50:22:47,-74,ESP32_1
2022-04-06 12:14:23.962383,DC:2C:6E:18:84:EB,-89,ESP32_7
2022-04-06 12:14:24.039762,DC:2C:6E:18:84:EB,-86,ESP32_2
2022-04-06 12:14:24.963645,D8:01:00:07:6B:5C,-91,ESP32_5
2022-04-06 12:14:24.967451,D8:01:00:07:6B:5C,-99,ESP32_2
2022-04-06 12:14:25.019037,DC:2C:6E:18:84:EB,-83,ESP32_1
2022-04-06 12:14:25.635999,DF:99:1C:50:22:47,-79,ESP32_6
2022-04-06 12:14:25.636912,DF:99:1C:50:22:47,-85,ESP32_3
2022-04-06 12:14:25.737268,DF:99:1C:50:22:47,-79,ESP32_1
2022-04-06 12:14:26.068396,DC:2C:6E:18:84:EB,-89,ESP32_2
2022-04-06 12:14:26.248822,D8:01:00:07:6B:5C,-74,ESP32_1
2022-04-06 12:14:27.409363,D8:01:00:07:6B:5C,-79,ESP32_6
2022-04-06 12:14:27.469747,D8:01:00:07:6B:5C,-84,ESP32_3
2022-04-06 12:14:29.058831,DC:2C:6E:18:84:EB,-83,ESP32_2
2022-04-06 12:14:29.957637,D8:01:00:07:6B:5C,-79,ESP32_6
2022-04-06 12:14:29.984153,DC:2C:6E:18:84:EB,-86,ESP32_1
2022-04-06 12:14:30.096323,DC:2C:6E:18:84:EB,-97,ESP32_8
2022-04-06 12:14:30.718758,DF:99:1C:50:22:47,-97,ESP32_5
2022-04-06 12:14:31.943289,DC:2C:6E:18:84:EB,-93,ESP32_5
2022-04-06 12:14:31.948613,DC:2C:6E:18:84:EB,-90,ESP32_7
2022-04-06 12:14:33.053673,DC:2C:6E:18:84:EB,-91,ESP32_5
2022-04-06 12:14:33.098822,DC:2C:6E:18:84:EB,-98,ESP32_2
2022-04-06 12:14:33.367478,DF:99:1C:50:22:47,-84,ESP32_2
2022-04-06 12:14:35.153811,DC:2C:6E:18:84:EB,-94,ESP32_3
2022-04-06 12:14:36.419082,D8:01:00:07:6B:5C,-94,ESP32_3
2022-04-06 12:14:36.502659,D8:01:00:07:6B:5C,-74,ESP32_1
2022-04-06 12:14:38.543263,DF:99:1C:50:22:47,-94,ESP32_6
2022-04-06 12:14:39.084212,DC:2C:6E:18:84:EB,-76,ESP32_1
2022-04-06 12:14:41.123583,DC:2C:6E:18:84:EB,-90,ESP32_2
2022-04-06 12:14:41.943083,DC:2C:6E:18:84:EB,-93,ESP32_5
2022-04-06 12:14:42.069198,DC:2C:6E:18:84:EB,-92,ESP32_2
2022-04-06 12:14:42.856965,D8:01:00:07:6B:5C,-78,ESP32_6
2022-04-06 12:14:42.861555,D8:01:00:07:6B:5C,-94,ESP32_3
2022-04-06 12:14:43.238885,DC:2C:6E:18:84:EB,-77,ESP32_1
2022-04-06 12:14:43.670748,DF:99:1C:50:22:47,-93,ESP32_6
2022-04-06 12:14:43.682981,DF:99:1C:50:22:47,-87,ESP32_1
2022-04-06 12:14:44.115243,DC:2C:6E:18:84:EB,-94,ESP32_5
2022-04-06 12:14:45.431404,D8:01:00:07:6B:5C,-92,ESP32_5
2022-04-06 12:14:46.724206,D8:01:00:07:6B:5C,-87,ESP32_1
2022-04-06 12:14:48.005366,D8:01:00:07:6B:5C,-93,ESP32_5
2022-04-06 12:14:48.007116,DC:2C:6E:18:84:EB,-79,ESP32_1
2022-04-06 12:14:48.267465,DC:2C:6E:18:84:EB,-91,ESP32_3
2022-04-06 12:14:49.083172,DC:2C:6E:18:84:EB,-98,ESP32_2
2022-04-06 12:14:49.302889,D8:01:00:07:6B:5C,-85,ESP32_3
2022-04-06 12:14:49.355990,D8:01:00:07:6B:5C,-97,ESP32_2
2022-04-06 12:14:51.549890,DF:99:1C:50:22:47,-82,ESP32_1
2022-04-06 12:14:51.945319,DC:2C:6E:18:84:EB,-92,ESP32_6
2022-04-06 12:14:52.093909,DC:2C:6E:18:84:EB,-90,ESP32_3
2022-04-06 12:14:54.976093,DC:2C:6E:18:84:EB,-90,ESP32_5
2022-04-06 12:14:55.653905,D8:01:00:07:6B:5C,-93,ESP32_6
2022-04-06 12:14:56.039213,DC:2C:6E:18:84:EB,-93,ESP32_3
2022-04-06 12:14:56.596436,DF:99:1C:50:22:47,-93,ESP32_6
2022-04-06 12:14:56.641602,DF:99:1C:50:22:47,-96,ESP32_1
2022-04-06 12:14:59.046805,DF:99:1C:50:22:47,-91,ESP32_6
2022-04-06 12:14:59.877526,D8:01:00:07:6B:5C,-86,ESP32_3
2022-04-06 12:14:59.983330,DC:2C:6E:18:84:EB,-92,ESP32_5
2022-04-06 12:15:00.036187,DC:2C:6E:18:84:EB,-95,ESP32_6
2022-04-06 12:15:00.991293,DC:2C:6E:18:84:EB,-83,ESP32_1
2022-04-06 12:15:02.186832,D8:01:00:07:6B:5C,-91,ESP32_6
2022-04-06 12:15:03.753954,D8:01:00:07:6B:5C,-85,ESP32_1
2022-04-06 12:15:03.980064,DC:2C:6E:18:84:EB,-96,ESP32_2
2022-04-06 12:15:04.060569,DC:2C:6E:18:84:EB,-93,ESP32_5
2022-04-06 12:15:04.839268,D8:01:00:07:6B:5C,-93,ESP32_5
2022-04-06 12:15:06.123172,D8:01:00:07:6B:5C,-79,ESP32_6
2022-04-06 12:15:07.034862,DF:99:1C:50:22:47,-91,ESP32_6
2022-04-06 12:15:08.568066,D8:01:00:07:6B:5C,-79,ESP32_6
2022-04-06 12:15:08.735649,D8:01:00:07:6B:5C,-89,ESP32_1
2022-04-06 12:15:08.963751,D8:01:00:07:6B:5C,-86,ESP32_3
2022-04-06 12:15:09.055851,DC:2C:6E:18:84:EB,-70,ESP32_1
2022-04-06 12:15:10.226635,DC:2C:6E:18:84:EB,-70,ESP32_1
2022-04-06 12:15:11.973758,DF:99:1C:50:22:47,-86,ESP32_7
2022-04-06 12:15:14.058763,DC:2C:6E:18:84:EB,-73,ESP32_1
2022-04-06 12:15:14.485496,DF:99:1C:50:22:47,-86,ESP32_1
2022-04-06 12:15:14.498281,DF:99:1C:50:22:47,-94,ESP32_6
2022-04-06 12:15:15.233220,DC:2C:6E:18:84:EB,-83,ESP32_6
2022-04-06 12:15:17.382154,D8:01:00:07:6B:5C,-89,ESP32_5
2022-04-06 12:15:18.078222,DC:2C:6E:18:84:EB,-86,ESP32_6
2022-04-06 12:15:18.106405,DC:2C:6E:18:84:EB,-64,ESP32_1
2022-04-06 12:15:19.081267,DC:2C:6E:18:84:EB,-87,ESP32_6
2022-04-06 12:15:19.222281,DC:2C:6E:18:84:EB,-98,ESP32_3
2022-04-06 12:15:19.913447,D8:01:00:07:6B:5C,-93,ESP32_6
2022-04-06 12:15:21.057253,DC:2C:6E:18:84:EB,-95,ESP32_6
2022-04-06 12:15:21.080458,DC:2C:6E:18:84:EB,-93,ESP32_2
2022-04-06 12:15:21.177548,D8:01:00:07:6B:5C,-91,ESP32_1
2022-04-06 12:15:21.272946,D8:01:00:07:6B:5C,-90,ESP32_3
2022-04-06 12:15:22.090397,DC:2C:6E:18:84:EB,-97,ESP32_2
2022-04-06 12:15:22.314726,DF:99:1C:50:22:47,-79,ESP32_7
2022-04-06 12:15:23.117809,DC:2C:6E:18:84:EB,-65,ESP32_1
2022-04-06 12:15:24.855152,DF:99:1C:50:22:47,-87,ESP32_7
2022-04-06 12:15:25.073013,DC:2C:6E:18:84:EB,-98,ESP32_5
2022-04-06 12:15:26.610928,D8:01:00:07:6B:5C,-97,ESP32_2
2022-04-06 12:15:26.984873,DC:2C:6E:18:84:EB,-83,ESP32_6
2022-04-06 12:15:27.124996,DC:2C:6E:18:84:EB,-69,ESP32_1
2022-04-06 12:15:27.204269,DC:2C:6E:18:84:EB,-97,ESP32_3
2022-04-06 12:15:27.638104,D8:01:00:07:6B:5C,-84,ESP32_1
2022-04-06 12:15:27.915205,D8:01:00:07:6B:5C,-84,ESP32_3
2022-04-06 12:15:30.097129,DF:99:1C:50:22:47,-96,ESP32_5
2022-04-06 12:15:30.109967,DF:99:1C:50:22:47,-96,ESP32_8
2022-04-06 12:15:30.179868,D8:01:00:07:6B:5C,-93,ESP32_6
2022-04-06 12:15:30.276219,D8:01:00:07:6B:5C,-92,ESP32_3
2022-04-06 12:15:31.068011,DC:2C:6E:18:84:EB,-92,ESP32_3
2022-04-06 12:15:31.102459,DC:2C:6E:18:84:EB,-79,ESP32_1
2022-04-06 12:15:32.044447,DC:2C:6E:18:84:EB,-84,ESP32_6
2022-04-06 12:15:32.515799,DF:99:1C:50:22:47,-95,ESP32_1
2022-04-06 12:15:34.158190,D8:01:00:07:6B:5C,-96,ESP32_6
2022-04-06 12:15:34.159544,D8:01:00:07:6B:5C,-85,ESP32_1
2022-04-06 12:15:34.182652,DC:2C:6E:18:84:EB,-97,ESP32_2
2022-04-06 12:15:34.183892,D8:01:00:07:6B:5C,-92,ESP32_3
2022-04-06 12:15:35.189267,DF:99:1C:50:22:47,-91,ESP32_1
2022-04-06 12:15:35.283818,DF:99:1C:50:22:47,-96,ESP32_3
2022-04-06 12:15:36.102697,DC:2C:6E:18:84:EB,-80,ESP32_6
2022-04-06 12:15:36.201713,DC:2C:6E:18:84:EB,-74,ESP32_1
2022-04-06 12:15:36.616683,D8:01:00:07:6B:5C,-94,ESP32_6
2022-04-06 12:15:39.193662,D8:01:00:07:6B:5C,-96,ESP32_5
2022-04-06 12:15:40.033636,DC:2C:6E:18:84:EB,-81,ESP32_6
2022-04-06 12:15:40.211851,DF:99:1C:50:22:47,-92,ESP32_5
2022-04-06 12:15:40.226627,DF:99:1C:50:22:47,-82,ESP32_7
2022-04-06 12:15:40.649229,D8:01:00:07:6B:5C,-95,ESP32_3
2022-04-06 12:15:40.654205,DF:99:1C:50:22:47,-86,ESP32_2
2022-04-06 12:15:41.157781,DC:2C:6E:18:84:EB,-83,ESP32_6
2022-04-06 12:15:41.189786,DC:2C:6E:18:84:EB,-73,ESP32_1
2022-04-06 12:15:42.072388,DC:2C:6E:18:84:EB,-97,ESP32_7
2022-04-06 12:15:43.983084,DC:2C:6E:18:84:EB,-82,ESP32_6
2022-04-06 12:15:44.172732,DC:2C:6E:18:84:EB,-96,ESP32_3
2022-04-06 12:15:44.182462,DC:2C:6E:18:84:EB,-83,ESP32_1
2022-04-06 12:15:45.115960,DC:2C:6E:18:84:EB,-82,ESP32_1
2022-04-06 12:15:45.126462,DC:2C:6E:18:84:EB,-90,ESP32_6
2022-04-06 12:15:45.187053,DC:2C:6E:18:84:EB,-87,ESP32_3
2022-04-06 12:15:45.473549,DF:99:1C:50:22:47,-94,ESP32_5
2022-04-06 12:15:45.771850,D8:01:00:07:6B:5C,-91,ESP32_5
2022-04-06 12:15:47.047900,D8:01:00:07:6B:5C,-84,ESP32_1
2022-04-06 12:15:49.126993,DC:2C:6E:18:84:EB,-94,ESP32_1
2022-04-06 12:15:49.664670,D8:01:00:07:6B:5C,-86,ESP32_1
2022-04-06 12:15:49.702036,D8:01:00:07:6B:5C,-81,ESP32_6
2022-04-06 12:15:49.712097,D8:01:00:07:6B:5C,-84,ESP32_3
2022-04-06 12:15:49.766950,D8:01:00:07:6B:5C,-92,ESP32_5
2022-04-06 12:15:50.047191,DC:2C:6E:18:84:EB,-87,ESP32_6
2022-04-06 12:15:52.014601,DC:2C:6E:18:84:EB,-97,ESP32_5
2022-04-06 12:15:52.088441,DC:2C:6E:18:84:EB,-97,ESP32_2
2022-04-06 12:15:52.127624,D8:01:00:07:6B:5C,-93,ESP32_5
2022-04-06 12:15:53.141633,DF:99:1C:50:22:47,-93,ESP32_1
2022-04-06 12:15:53.423191,D8:01:00:07:6B:5C,-91,ESP32_6
2022-04-06 12:15:53.501692,D8:01:00:07:6B:5C,-87,ESP32_1
2022-04-06 12:15:54.113300,DC:2C:6E:18:84:EB,-75,ESP32_1
2022-04-06 12:15:54.880503,D8:01:00:07:6B:5C,-94,ESP32_5
2022-04-06 12:15:55.678763,DF:99:1C:50:22:47,-93,ESP32_7
2022-04-06 12:15:56.057087,D8:01:00:07:6B:5C,-73,ESP32_1
2022-04-06 12:15:56.146883,D8:01:00:07:6B:5C,-90,ESP32_3
2022-04-06 12:15:57.359572,DC:2C:6E:18:84:EB,-96,ESP32_2
2022-04-06 12:15:58.087319,DC:2C:6E:18:84:EB,-83,ESP32_6
2022-04-06 12:15:58.209916,DC:2C:6E:18:84:EB,-83,ESP32_3
2022-04-06 12:15:58.370726,DF:99:1C:50:22:47,-92,ESP32_2
2022-04-06 12:15:58.651755,D8:01:00:07:6B:5C,-94,ESP32_5
2022-04-06 12:15:59.951706,D8:01:00:07:6B:5C,-85,ESP32_1
2022-04-06 12:16:01.155307,DC:2C:6E:18:84:EB,-94,ESP32_5
2022-04-06 12:16:02.133914,DC:2C:6E:18:84:EB,-91,ESP32_3
2022-04-06 12:16:02.220882,DC:2C:6E:18:84:EB,-86,ESP32_1
2022-04-06 12:16:03.116467,DC:2C:6E:18:84:EB,-86,ESP32_6
2022-04-06 12:16:03.118340,DC:2C:6E:18:84:EB,-88,ESP32_1
2022-04-06 12:16:05.055803,D8:01:00:07:6B:5C,-86,ESP32_1
2022-04-06 12:16:06.018076,DC:2C:6E:18:84:EB,-97,ESP32_5
2022-04-06 12:16:06.119625,DF:99:1C:50:22:47,-87,ESP32_1
2022-04-06 12:16:06.201828,DC:2C:6E:18:84:EB,-80,ESP32_1
2022-04-06 12:16:06.230557,DF:99:1C:50:22:47,-91,ESP32_7
2022-04-06 12:16:06.262879,D8:01:00:07:6B:5C,-94,ESP32_5
2022-04-06 12:16:07.044184,DC:2C:6E:18:84:EB,-91,ESP32_6
2022-04-06 12:16:07.100196,DC:2C:6E:18:84:EB,-82,ESP32_1
2022-04-06 12:16:08.646923,DF:99:1C:50:22:47,-86,ESP32_1
2022-04-06 12:16:08.651786,D8:01:00:07:6B:5C,-84,ESP32_1
2022-04-06 12:16:08.755570,D8:01:00:07:6B:5C,-86,ESP32_3
2022-04-06 12:16:10.115274,DC:2C:6E:18:84:EB,-83,ESP32_3
2022-04-06 12:16:10.153544,DC:2C:6E:18:84:EB,-93,ESP32_5
2022-04-06 12:16:11.041959,DC:2C:6E:18:84:EB,-85,ESP32_3
2022-04-06 12:16:11.139157,DF:99:1C:50:22:47,-94,ESP32_8
2022-04-06 12:16:11.222722,DC:2C:6E:18:84:EB,-86,ESP32_1
2022-04-06 12:16:11.249820,DF:99:1C:50:22:47,-90,ESP32_1
2022-04-06 12:16:11.261128,D8:01:00:07:6B:5C,-95,ESP32_5
2022-04-06 12:16:12.033564,DC:2C:6E:18:84:EB,-85,ESP32_3
2022-04-06 12:16:12.039417,DC:2C:6E:18:84:EB,-87,ESP32_6
2022-04-06 12:16:12.065593,DC:2C:6E:18:84:EB,-87,ESP32_1
2022-04-06 12:16:12.888500,D8:01:00:07:6B:5C,-92,ESP32_3
2022-04-06 12:16:13.833124,DF:99:1C:50:22:47,-85,ESP32_2
2022-04-06 12:16:15.081075,DC:2C:6E:18:84:EB,-84,ESP32_3
2022-04-06 12:16:15.424997,D8:01:00:07:6B:5C,-88,ESP32_1
2022-04-06 12:16:16.366659,DF:99:1C:50:22:47,-92,ESP32_2
2022-04-06 12:16:17.598344,D8:01:00:07:6B:5C,-93,ESP32_5
2022-04-06 12:16:17.905629,D8:01:00:07:6B:5C,-93,ESP32_3
2022-04-06 12:16:18.901726,D8:01:00:07:6B:5C,-93,ESP32_3
2022-04-06 12:16:19.025554,D8:01:00:07:6B:5C,-97,ESP32_1
2022-04-06 12:16:21.473233,D8:01:00:07:6B:5C,-77,ESP32_6
2022-04-06 12:16:21.499696,D8:01:00:07:6B:5C,-74,ESP32_1
2022-04-06 12:16:21.655271,D8:01:00:07:6B:5C,-86,ESP32_3
2022-04-06 12:16:23.118268,DC:2C:6E:18:84:EB,-84,ESP32_6
2022-04-06 12:16:24.075991,DC:2C:6E:18:84:EB,-86,ESP32_6
2022-04-06 12:16:24.210614,DC:2C:6E:18:84:EB,-84,ESP32_3
2022-04-06 12:16:24.229016,D8:01:00:07:6B:5C,-94,ESP32_5
2022-04-06 12:16:25.052059,DC:2C:6E:18:84:EB,-80,ESP32_6
2022-04-06 12:16:25.168464,DC:2C:6E:18:84:EB,-83,ESP32_3
2022-04-06 12:16:25.244432,DC:2C:6E:18:84:EB,-76,ESP32_1
2022-04-06 12:16:25.453779,D8:01:00:07:6B:5C,-79,ESP32_6
2022-04-06 12:16:25.456133,D8:01:00:07:6B:5C,-86,ESP32_1
2022-04-06 12:16:28.111829,D8:01:00:07:6B:5C,-75,ESP32_1
2022-04-06 12:16:30.519473,D8:01:00:07:6B:5C,-92,ESP32_5
2022-04-06 12:16:31.738586,DF:99:1C:50:22:47,-90,ESP32_8
2022-04-06 12:16:31.796065,D8:01:00:07:6B:5C,-79,ESP32_6
2022-04-06 12:16:31.839720,DF:99:1C:50:22:47,-89,ESP32_2
2022-04-06 12:16:31.902942,D8:01:00:07:6B:5C,-87,ESP32_1
2022-04-06 12:16:32.008217,D8:01:00:07:6B:5C,-98,ESP32_3
2022-04-06 12:16:32.117972,DC:2C:6E:18:84:EB,-86,ESP32_6
2022-04-06 12:16:33.132625,DC:2C:6E:18:84:EB,-84,ESP32_6
2022-04-06 12:16:33.163738,DC:2C:6E:18:84:EB,-87,ESP32_3
2022-04-06 12:16:33.173451,D8:01:00:07:6B:5C,-92,ESP32_5
2022-04-06 12:16:34.143112,DC:2C:6E:18:84:EB,-76,ESP32_1
2022-04-06 12:16:34.189802,DC:2C:6E:18:84:EB,-88,ESP32_3
2022-04-06 12:16:34.287076,DF:99:1C:50:22:47,-89,ESP32_2
2022-04-06 12:16:34.322842,DF:99:1C:50:22:47,-91,ESP32_8
2022-04-06 12:16:34.472341,D8:01:00:07:6B:5C,-88,ESP32_1
2022-04-06 12:16:37.420724,DC:2C:6E:18:84:EB,-84,ESP32_3
2022-04-06 12:16:37.522483,DC:2C:6E:18:84:EB,-84,ESP32_1
2022-04-06 12:16:38.125390,DC:2C:6E:18:84:EB,-83,ESP32_6
2022-04-06 12:16:38.501926,DC:2C:6E:18:84:EB,-88,ESP32_3
2022-04-06 12:16:38.676386,D8:01:00:07:6B:5C,-86,ESP32_3
2022-04-06 12:16:39.610999,D8:01:00:07:6B:5C,-94,ESP32_5
2022-04-06 12:16:40.585735,DC:2C:6E:18:84:EB,-85,ESP32_3
2022-04-06 12:16:40.896177,D8:01:00:07:6B:5C,-88,ESP32_1
2022-04-06 12:16:40.898942,D8:01:00:07:6B:5C,-91,ESP32_3
2022-04-06 12:16:42.338637,DC:2C:6E:18:84:EB,-89,ESP32_1
2022-04-06 12:16:43.435334,D8:01:00:07:6B:5C,-92,ESP32_5
2022-04-06 12:16:44.177582,DC:2C:6E:18:84:EB,-83,ESP32_6
2022-04-06 12:16:45.999330,D8:01:00:07:6B:5C,-93,ESP32_5
2022-04-06 12:16:46.251160,DC:2C:6E:18:84:EB,-83,ESP32_1
2022-04-06 12:16:46.338787,DC:2C:6E:18:84:EB,-84,ESP32_3
2022-04-06 12:16:47.085231,DC:2C:6E:18:84:EB,-87,ESP32_6
2022-04-06 12:16:47.159610,DC:2C:6E:18:84:EB,-85,ESP32_3
2022-04-06 12:16:47.263994,DC:2C:6E:18:84:EB,-83,ESP32_1
2022-04-06 12:16:47.297580,DF:99:1C:50:22:47,-93,ESP32_8
2022-04-06 12:16:47.312964,DF:99:1C:50:22:47,-88,ESP32_2
2022-04-06 12:16:47.481984,D8:01:00:07:6B:5C,-86,ESP32_1
2022-04-06 12:16:48.276832,DC:2C:6E:18:84:EB,-84,ESP32_3
2022-04-06 12:16:49.958640,D8:01:00:07:6B:5C,-93,ESP32_5
2022-04-06 12:16:51.168869,DC:2C:6E:18:84:EB,-84,ESP32_3
2022-04-06 12:16:51.463310,DC:2C:6E:18:84:EB,-84,ESP32_1
2022-04-06 12:16:52.584898,D8:01:00:07:6B:5C,-86,ESP32_3
2022-04-06 12:16:54.172239,DC:2C:6E:18:84:EB,-94,ESP32_5
2022-04-06 12:16:54.962443,D8:01:00:07:6B:5C,-96,ESP32_2
2022-04-06 12:16:55.239989,DC:2C:6E:18:84:EB,-86,ESP32_3
2022-04-06 12:16:55.282974,DC:2C:6E:18:84:EB,-80,ESP32_1
2022-04-06 12:16:56.156671,DC:2C:6E:18:84:EB,-82,ESP32_1
2022-04-06 12:16:56.253027,D8:01:00:07:6B:5C,-94,ESP32_3
2022-04-06 12:16:56.283958,D8:01:00:07:6B:5C,-74,ESP32_1
2022-04-06 12:16:59.173547,DC:2C:6E:18:84:EB,-90,ESP32_6
2022-04-06 12:16:59.371291,DC:2C:6E:18:84:EB,-84,ESP32_1
2022-04-06 12:16:59.388136,DC:2C:6E:18:84:EB,-84,ESP32_3
2022-04-06 12:17:02.246766,DC:2C:6E:18:84:EB,-97,ESP32_2
2022-04-06 12:17:02.564283,D8:01:00:07:6B:5C,-91,ESP32_5
2022-04-06 12:17:02.765776,DF:99:1C:50:22:47,-97,ESP32_7
2022-04-06 12:17:04.284408,DC:2C:6E:18:84:EB,-81,ESP32_3
2022-04-06 12:17:05.153510,DC:2C:6E:18:84:EB,-79,ESP32_1
2022-04-06 12:17:05.238610,D8:01:00:07:6B:5C,-90,ESP32_5
2022-04-06 12:17:06.222281,DC:2C:6E:18:84:EB,-87,ESP32_6
2022-04-06 12:17:06.349698,D8:01:00:07:6B:5C,-86,ESP32_3
2022-04-06 12:17:06.438591,D8:01:00:07:6B:5C,-88,ESP32_1
2022-04-06 12:17:07.803573,DF:99:1C:50:22:47,-94,ESP32_8
2022-04-06 12:17:08.900553,D8:01:00:07:6B:5C,-91,ESP32_5
2022-04-06 12:17:10.351034,DF:99:1C:50:22:47,-97,ESP32_8
2022-04-06 12:17:10.527538,DF:99:1C:50:22:47,-95,ESP32_2
2022-04-06 12:17:11.257361,DC:2C:6E:18:84:EB,-93,ESP32_5
2022-04-06 12:17:11.376649,DF:99:1C:50:22:47,-99,ESP32_7
2022-04-06 12:17:11.506983,D8:01:00:07:6B:5C,-93,ESP32_5
2022-04-06 12:17:12.894245,D8:01:00:07:6B:5C,-90,ESP32_3
2022-04-06 12:17:12.902019,DF:99:1C:50:22:47,-88,ESP32_2
2022-04-06 12:17:12.926761,DF:99:1C:50:22:47,-91,ESP32_8
2022-04-06 12:17:13.305825,DC:2C:6E:18:84:EB,-91,ESP32_3
2022-04-06 12:17:15.324421,D8:01:00:07:6B:5C,-82,ESP32_6
2022-04-06 12:17:16.277821,DC:2C:6E:18:84:EB,-90,ESP32_5
2022-04-06 12:17:17.160677,DC:2C:6E:18:84:EB,-74,ESP32_6
2022-04-06 12:17:17.212970,DC:2C:6E:18:84:EB,-81,ESP32_3
2022-04-06 12:17:17.482576,DC:2C:6E:18:84:EB,-75,ESP32_1
2022-04-06 12:17:18.335469,DC:2C:6E:18:84:EB,-90,ESP32_1
2022-04-06 12:17:19.362040,D8:01:00:07:6B:5C,-87,ESP32_1
2022-04-06 12:17:19.366846,D8:01:00:07:6B:5C,-90,ESP32_3
2022-04-06 12:17:19.369670,D8:01:00:07:6B:5C,-81,ESP32_6
2022-04-06 12:17:20.639349,DF:99:1C:50:22:47,-84,ESP32_1
2022-04-06 12:17:21.870207,D8:01:00:07:6B:5C,-87,ESP32_1
2022-04-06 12:17:21.879259,D8:01:00:07:6B:5C,-82,ESP32_6
2022-04-06 12:17:22.009496,D8:01:00:07:6B:5C,-84,ESP32_3
2022-04-06 12:17:22.390662,DC:2C:6E:18:84:EB,-82,ESP32_6
2022-04-06 12:17:22.425150,DC:2C:6E:18:84:EB,-84,ESP32_1
2022-04-06 12:17:22.430374,DC:2C:6E:18:84:EB,-83,ESP32_3
2022-04-06 12:17:23.441976,DF:99:1C:50:22:47,-94,ESP32_2
2022-04-06 12:17:24.183544,DC:2C:6E:18:84:EB,-96,ESP32_7
2022-04-06 12:17:24.729676,D8:01:00:07:6B:5C,-82,ESP32_1
2022-04-06 12:17:25.661875,D8:01:00:07:6B:5C,-89,ESP32_3
2022-04-06 12:17:25.801573,DF:99:1C:50:22:47,-94,ESP32_7
2022-04-06 12:17:26.218713,DC:2C:6E:18:84:EB,-83,ESP32_1
2022-04-06 12:17:26.937241,D8:01:00:07:6B:5C,-91,ESP32_5
2022-04-06 12:17:27.202630,DC:2C:6E:18:84:EB,-82,ESP32_3
2022-04-06 12:17:28.214981,D8:01:00:07:6B:5C,-87,ESP32_6
2022-04-06 12:17:28.598262,DF:99:1C:50:22:47,-94,ESP32_2
2022-04-06 12:17:30.844231,D8:01:00:07:6B:5C,-91,ESP32_5
2022-04-06 12:17:31.003186,DF:99:1C:50:22:47,-87,ESP32_7
2022-04-06 12:17:31.114670,DC:2C:6E:18:84:EB,-72,ESP32_6
2022-04-06 12:17:32.206088,D8:01:00:07:6B:5C,-79,ESP32_6
2022-04-06 12:17:33.183227,DC:2C:6E:18:84:EB,-95,ESP32_7
2022-04-06 12:17:34.114998,DC:2C:6E:18:84:EB,-89,ESP32_2
2022-04-06 12:17:34.119445,DC:2C:6E:18:84:EB,-94,ESP32_7
2022-04-06 12:17:35.088666,DC:2C:6E:18:84:EB,-83,ESP32_1
2022-04-06 12:17:35.238264,DC:2C:6E:18:84:EB,-91,ESP32_5
2022-04-06 12:17:37.261234,D8:01:00:07:6B:5C,-94,ESP32_5
2022-04-06 12:17:38.653488,D8:01:00:07:6B:5C,-84,ESP32_3
2022-04-06 12:17:38.801562,DF:99:1C:50:22:47,-95,ESP32_1
2022-04-06 12:17:39.077511,DC:2C:6E:18:84:EB,-86,ESP32_3
2022-04-06 12:17:39.099981,DC:2C:6E:18:84:EB,-79,ESP32_1
2022-04-06 12:17:39.177546,DC:2C:6E:18:84:EB,-72,ESP32_6
2022-04-06 12:17:39.313872,DC:2C:6E:18:84:EB,-93,ESP32_2
2022-04-06 12:17:39.834701,D8:01:00:07:6B:5C,-92,ESP32_5
2022-04-06 12:17:40.183348,DC:2C:6E:18:84:EB,-80,ESP32_6
2022-04-06 12:17:40.187284,DC:2C:6E:18:84:EB,-77,ESP32_3
2022-04-06 12:17:40.288742,DC:2C:6E:18:84:EB,-80,ESP32_1
2022-04-06 12:17:41.145250,DC:2C:6E:18:84:EB,-94,ESP32_5
2022-04-06 12:17:41.219170,D8:01:00:07:6B:5C,-81,ESP32_1
2022-04-06 12:17:42.393491,D8:01:00:07:6B:5C,-95,ESP32_2
2022-04-06 12:17:43.214833,DC:2C:6E:18:84:EB,-91,ESP32_5
2022-04-06 12:17:43.597487,D8:01:00:07:6B:5C,-79,ESP32_6
2022-04-06 12:17:43.598308,D8:01:00:07:6B:5C,-89,ESP32_1
2022-04-06 12:17:43.952104,DF:99:1C:50:22:47,-76,ESP32_1
2022-04-06 12:17:44.194376,DC:2C:6E:18:84:EB,-80,ESP32_3
2022-04-06 12:17:44.197743,DC:2C:6E:18:84:EB,-68,ESP32_1
2022-04-06 12:17:44.865493,D8:01:00:07:6B:5C,-90,ESP32_5
2022-04-06 12:17:46.390832,DF:99:1C:50:22:47,-95,ESP32_5
2022-04-06 12:17:46.775577,DF:99:1C:50:22:47,-92,ESP32_3
2022-04-06 12:17:47.266417,D8:01:00:07:6B:5C,-84,ESP32_3
2022-04-06 12:17:47.290043,D8:01:00:07:6B:5C,-75,ESP32_1
2022-04-06 12:17:47.392571,D8:01:00:07:6B:5C,-79,ESP32_6
2022-04-06 12:17:48.185270,DC:2C:6E:18:84:EB,-82,ESP32_3
2022-04-06 12:17:48.255521,DC:2C:6E:18:84:EB,-67,ESP32_1
2022-04-06 12:17:48.972116,DF:99:1C:50:22:47,-94,ESP32_2
2022-04-06 12:17:49.190916,DC:2C:6E:18:84:EB,-67,ESP32_1
2022-04-06 12:17:52.179705,DC:2C:6E:18:84:EB,-86,ESP32_1
2022-04-06 12:17:52.197406,DC:2C:6E:18:84:EB,-83,ESP32_3
2022-04-06 12:17:52.422228,D8:01:00:07:6B:5C,-94,ESP32_5
2022-04-06 12:17:53.192622,DC:2C:6E:18:84:EB,-76,ESP32_1
2022-04-06 12:17:53.875431,D8:01:00:07:6B:5C,-92,ESP32_3
2022-04-06 12:17:53.959079,D8:01:00:07:6B:5C,-73,ESP32_1
2022-04-06 12:17:54.149396,DC:2C:6E:18:84:EB,-80,ESP32_5
2022-04-06 12:17:55.183792,DC:2C:6E:18:84:EB,-87,ESP32_5
2022-04-06 12:17:55.284374,DC:2C:6E:18:84:EB,-91,ESP32_2
2022-04-06 12:17:56.104392,DC:2C:6E:18:84:EB,-98,ESP32_7
2022-04-06 12:17:56.229033,DC:2C:6E:18:84:EB,-89,ESP32_5
2022-04-06 12:17:56.793889,DF:99:1C:50:22:47,-72,ESP32_1
2022-04-06 12:17:57.208413,DC:2C:6E:18:84:EB,-63,ESP32_1
2022-04-06 12:17:57.921300,D8:01:00:07:6B:5C,-85,ESP32_3
2022-04-06 12:17:58.867723,D8:01:00:07:6B:5C,-95,ESP32_5
2022-04-06 12:17:59.250114,DF:99:1C:50:22:47,-92,ESP32_6
2022-04-06 12:17:59.343664,DF:99:1C:50:22:47,-71,ESP32_1
2022-04-06 12:17:59.390243,DF:99:1C:50:22:47,-94,ESP32_5
2022-04-06 12:18:00.322028,D8:01:00:07:6B:5C,-74,ESP32_1
2022-04-06 12:18:00.383931,D8:01:00:07:6B:5C,-94,ESP32_3
2022-04-06 12:18:01.146943,DC:2C:6E:18:84:EB,-97,ESP32_3
2022-04-06 12:18:01.154472,DC:2C:6E:18:84:EB,-89,ESP32_7
2022-04-06 12:18:02.211605,DC:2C:6E:18:84:EB,-88,ESP32_3
2022-04-06 12:18:02.355869,DC:2C:6E:18:84:EB,-83,ESP32_1
2022-04-06 12:18:04.119601,DC:2C:6E:18:84:EB,-92,ESP32_5
2022-04-06 12:18:06.322567,DC:2C:6E:18:84:EB,-91,ESP32_3
2022-04-06 12:18:06.324685,DC:2C:6E:18:84:EB,-83,ESP32_1
2022-04-06 12:18:06.627637,D8:01:00:07:6B:5C,-93,ESP32_3
2022-04-06 12:18:08.086215,D8:01:00:07:6B:5C,-90,ESP32_5
2022-04-06 12:18:09.325235,D8:01:00:07:6B:5C,-84,ESP32_1
2022-04-06 12:18:11.218787,DC:2C:6E:18:84:EB,-85,ESP32_3
2022-04-06 12:18:13.122063,DC:2C:6E:18:84:EB,-90,ESP32_5
2022-04-06 12:18:13.210387,D8:01:00:07:6B:5C,-86,ESP32_1
2022-04-06 12:18:14.248731,DC:2C:6E:18:84:EB,-90,ESP32_5
2022-04-06 12:18:15.109926,DC:2C:6E:18:84:EB,-96,ESP32_6
2022-04-06 12:18:15.216449,DC:2C:6E:18:84:EB,-77,ESP32_1
2022-04-06 12:18:15.673183,D8:01:00:07:6B:5C,-74,ESP32_1
2022-04-06 12:18:15.957638,D8:01:00:07:6B:5C,-91,ESP32_3
2022-04-06 12:18:17.063100,D8:01:00:07:6B:5C,-74,ESP32_1
2022-04-06 12:18:17.474117,DF:99:1C:50:22:47,-85,ESP32_1
2022-04-06 12:18:18.259758,D8:01:00:07:6B:5C,-90,ESP32_5
2022-04-06 12:18:19.948149,DF:99:1C:50:22:47,-77,ESP32_1
2022-04-06 12:18:22.079723,D8:01:00:07:6B:5C,-78,ESP32_6
2022-04-06 12:18:22.279756,D8:01:00:07:6B:5C,-85,ESP32_1
2022-04-06 12:18:22.370195,DC:2C:6E:18:84:EB,-93,ESP32_5
2022-04-06 12:18:23.407800,DC:2C:6E:18:84:EB,-68,ESP32_1
2022-04-06 12:18:24.323845,DC:2C:6E:18:84:EB,-72,ESP32_1
2022-04-06 12:18:24.436740,DC:2C:6E:18:84:EB,-87,ESP32_3
2022-04-06 12:18:24.701651,D8:01:00:07:6B:5C,-91,ESP32_5
2022-04-06 12:18:26.201435,DC:2C:6E:18:84:EB,-92,ESP32_7
2022-04-06 12:18:26.515869,DC:2C:6E:18:84:EB,-93,ESP32_5
2022-04-06 12:18:27.455922,D8:01:00:07:6B:5C,-92,ESP32_5
2022-04-06 12:18:27.468138,DC:2C:6E:18:84:EB,-96,ESP32_2
2022-04-06 12:18:27.658240,DF:99:1C:50:22:47,-96,ESP32_5
2022-04-06 12:18:28.253581,DC:2C:6E:18:84:EB,-95,ESP32_3
2022-04-06 12:18:28.327393,DC:2C:6E:18:84:EB,-69,ESP32_1
2022-04-06 12:18:28.852403,D8:01:00:07:6B:5C,-85,ESP32_1
2022-04-06 12:18:33.251010,DC:2C:6E:18:84:EB,-89,ESP32_3
2022-04-06 12:18:33.758307,D8:01:00:07:6B:5C,-78,ESP32_6
2022-04-06 12:18:35.404660,DF:99:1C:50:22:47,-84,ESP32_1
2022-04-06 12:18:36.241048,DC:2C:6E:18:84:EB,-83,ESP32_6
2022-04-06 12:18:36.269304,D8:01:00:07:6B:5C,-94,ESP32_5
2022-04-06 12:18:36.269888,DC:2C:6E:18:84:EB,-80,ESP32_1
2022-04-06 12:18:36.304935,DC:2C:6E:18:84:EB,-93,ESP32_3
2022-04-06 12:18:36.319458,D8:01:00:07:6B:5C,-89,ESP32_1
2022-04-06 12:18:36.380365,D8:01:00:07:6B:5C,-97,ESP32_2
2022-04-06 12:18:37.178453,DC:2C:6E:18:84:EB,-75,ESP32_1
2022-04-06 12:18:37.340940,DC:2C:6E:18:84:EB,-94,ESP32_3
2022-04-06 12:18:37.408394,D8:01:00:07:6B:5C,-91,ESP32_5
2022-04-06 12:18:37.888705,DF:99:1C:50:22:47,-81,ESP32_1
2022-04-06 12:18:38.871007,D8:01:00:07:6B:5C,-88,ESP32_1
2022-04-06 12:18:41.329575,D8:01:00:07:6B:5C,-83,ESP32_3
2022-04-06 12:18:42.165215,DC:2C:6E:18:84:EB,-86,ESP32_6
2022-04-06 12:18:42.185439,DC:2C:6E:18:84:EB,-72,ESP32_1
2022-04-06 12:18:43.024283,DF:99:1C:50:22:47,-94,ESP32_5
2022-04-06 12:18:43.724264,D8:01:00:07:6B:5C,-92,ESP32_5
2022-04-06 12:18:45.035612,D8:01:00:07:6B:5C,-78,ESP32_6
2022-04-06 12:18:45.129361,D8:01:00:07:6B:5C,-84,ESP32_3
2022-04-06 12:18:45.137107,D8:01:00:07:6B:5C,-86,ESP32_1
2022-04-06 12:18:45.194957,DC:2C:6E:18:84:EB,-90,ESP32_2
2022-04-06 12:18:47.816878,D8:01:00:07:6B:5C,-84,ESP32_1
2022-04-06 12:18:48.168145,DC:2C:6E:18:84:EB,-95,ESP32_7
2022-04-06 12:18:49.171590,DC:2C:6E:18:84:EB,-92,ESP32_5
2022-04-06 12:18:50.272963,D8:01:00:07:6B:5C,-78,ESP32_6
2022-04-06 12:18:50.289936,D8:01:00:07:6B:5C,-91,ESP32_3
2022-04-06 12:18:50.367339,DC:2C:6E:18:84:EB,-71,ESP32_1
2022-04-06 12:18:51.464972,D8:01:00:07:6B:5C,-87,ESP32_1
2022-04-06 12:18:53.155058,DC:2C:6E:18:84:EB,-98,ESP32_7
2022-04-06 12:18:53.334316,DF:99:1C:50:22:47,-87,ESP32_1
2022-04-06 12:18:54.357312,D8:01:00:07:6B:5C,-87,ESP32_3
2022-04-06 12:18:54.373877,D8:01:00:07:6B:5C,-74,ESP32_1
2022-04-06 12:18:54.454187,DC:2C:6E:18:84:EB,-70,ESP32_1
2022-04-06 12:18:55.482182,DC:2C:6E:18:84:EB,-93,ESP32_3
2022-04-06 12:18:55.559966,DC:2C:6E:18:84:EB,-72,ESP32_1
2022-04-06 12:18:56.726792,D8:01:00:07:6B:5C,-74,ESP32_1
2022-04-06 12:18:57.165823,DC:2C:6E:18:84:EB,-92,ESP32_5
2022-04-06 12:18:58.440957,DC:2C:6E:18:84:EB,-84,ESP32_6
2022-04-06 12:18:58.474449,DF:99:1C:50:22:47,-88,ESP32_2
2022-04-06 12:18:58.488358,DF:99:1C:50:22:47,-97,ESP32_5
2022-04-06 12:18:59.249415,DC:2C:6E:18:84:EB,-87,ESP32_6
2022-04-06 12:19:00.501747,D8:01:00:07:6B:5C,-90,ESP32_3
2022-04-06 12:19:00.674826,D8:01:00:07:6B:5C,-87,ESP32_1
2022-04-06 12:19:01.130785,DF:99:1C:50:22:47,-89,ESP32_2
2022-04-06 12:19:01.140450,DC:2C:6E:18:84:EB,-87,ESP32_5
2022-04-06 12:19:01.163027,DC:2C:6E:18:84:EB,-93,ESP32_2
2022-04-06 12:19:02.171393,DC:2C:6E:18:84:EB,-86,ESP32_5
2022-04-06 12:19:02.187421,DC:2C:6E:18:84:EB,-92,ESP32_2
2022-04-06 12:19:03.087544,D8:01:00:07:6B:5C,-94,ESP32_5
2022-04-06 12:19:03.197396,DC:2C:6E:18:84:EB,-71,ESP32_1
2022-04-06 12:19:04.194660,DC:2C:6E:18:84:EB,-92,ESP32_6
2022-04-06 12:19:04.200496,DC:2C:6E:18:84:EB,-81,ESP32_1
2022-04-06 12:19:04.518857,D8:01:00:07:6B:5C,-86,ESP32_1
2022-04-06 12:19:04.564996,DC:2C:6E:18:84:EB,-86,ESP32_3
2022-04-06 12:19:05.744088,D8:01:00:07:6B:5C,-91,ESP32_5
2022-04-06 12:19:07.043009,D8:01:00:07:6B:5C,-85,ESP32_1
2022-04-06 12:19:08.285291,DC:2C:6E:18:84:EB,-84,ESP32_6
2022-04-06 12:19:10.816627,D8:01:00:07:6B:5C,-75,ESP32_1
2022-04-06 12:19:10.816930,D8:01:00:07:6B:5C,-92,ESP32_3
2022-04-06 12:19:11.529129,DF:99:1C:50:22:47,-94,ESP32_1
2022-04-06 12:19:11.533267,DF:99:1C:50:22:47,-96,ESP32_3
2022-04-06 12:19:12.219529,D8:01:00:07:6B:5C,-95,ESP32_5
2022-04-06 12:19:12.275740,DC:2C:6E:18:84:EB,-84,ESP32_6
2022-04-06 12:19:12.446769,DC:2C:6E:18:84:EB,-85,ESP32_3
2022-04-06 12:19:13.434672,D8:01:00:07:6B:5C,-79,ESP32_6
2022-04-06 12:19:13.498130,D8:01:00:07:6B:5C,-84,ESP32_1
2022-04-06 12:19:15.987708,D8:01:00:07:6B:5C,-94,ESP32_5
2022-04-06 12:19:16.158171,DC:2C:6E:18:84:EB,-58,ESP32_1
2022-04-06 12:19:16.234000,DC:2C:6E:18:84:EB,-83,ESP32_6
2022-04-06 12:19:16.564129,DF:99:1C:50:22:47,-92,ESP32_1
2022-04-06 12:19:17.257523,DC:2C:6E:18:84:EB,-56,ESP32_1
2022-04-06 12:19:17.373752,D8:01:00:07:6B:5C,-99,ESP32_6
2022-04-06 12:19:20.052100,D8:01:00:07:6B:5C,-91,ESP32_3
2022-04-06 12:19:20.066860,D8:01:00:07:6B:5C,-85,ESP32_1
2022-04-06 12:19:20.201976,DC:2C:6E:18:84:EB,-94,ESP32_5
2022-04-06 12:19:21.251212,DC:2C:6E:18:84:EB,-85,ESP32_3
2022-04-06 12:19:21.722196,DF:99:1C:50:22:47,-94,ESP32_5
2022-04-06 12:19:21.742983,DF:99:1C:50:22:47,-83,ESP32_7
2022-04-06 12:19:21.745290,DF:99:1C:50:22:47,-97,ESP32_2
2022-04-06 12:19:23.280764,DC:2C:6E:18:84:EB,-90,ESP32_7
2022-04-06 12:19:23.282939,DC:2C:6E:18:84:EB,-84,ESP32_5
2022-04-06 12:19:23.485584,DC:2C:6E:18:84:EB,-87,ESP32_2
2022-04-06 12:19:24.171228,DC:2C:6E:18:84:EB,-92,ESP32_5
2022-04-06 12:19:24.954077,D8:01:00:07:6B:5C,-95,ESP32_3
2022-04-06 12:19:24.975080,D8:01:00:07:6B:5C,-86,ESP32_1
2022-04-06 12:19:25.282817,DC:2C:6E:18:84:EB,-78,ESP32_1
2022-04-06 12:19:25.397792,DC:2C:6E:18:84:EB,-83,ESP32_3
2022-04-06 12:19:27.207119,DC:2C:6E:18:84:EB,-77,ESP32_6
2022-04-06 12:19:28.182857,DC:2C:6E:18:84:EB,-87,ESP32_7
2022-04-06 12:19:29.369162,DC:2C:6E:18:84:EB,-80,ESP32_1
2022-04-06 12:19:29.383457,DC:2C:6E:18:84:EB,-88,ESP32_3
2022-04-06 12:19:30.188391,DC:2C:6E:18:84:EB,-90,ESP32_6
2022-04-06 12:19:30.420036,DC:2C:6E:18:84:EB,-81,ESP32_3
2022-04-06 12:19:31.145732,D8:01:00:07:6B:5C,-95,ESP32_5
2022-04-06 12:19:31.938135,DF:99:1C:50:22:47,-85,ESP32_7
2022-04-06 12:19:32.524057,D8:01:00:07:6B:5C,-92,ESP32_6
2022-04-06 12:19:32.562995,D8:01:00:07:6B:5C,-84,ESP32_1
2022-04-06 12:19:33.856619,D8:01:00:07:6B:5C,-85,ESP32_1
2022-04-06 12:19:34.550844,DF:99:1C:50:22:47,-84,ESP32_7
2022-04-06 12:19:34.565453,DC:2C:6E:18:84:EB,-72,ESP32_1
2022-04-06 12:19:35.204845,D8:01:00:07:6B:5C,-84,ESP32_1
2022-04-06 12:19:36.309359,DC:2C:6E:18:84:EB,-93,ESP32_6
2022-04-06 12:19:37.103922,DF:99:1C:50:22:47,-86,ESP32_7
2022-04-06 12:19:38.194444,DC:2C:6E:18:84:EB,-97,ESP32_6
2022-04-06 12:19:38.534261,DC:2C:6E:18:84:EB,-84,ESP32_1
2022-04-06 12:19:38.898416,D8:01:00:07:6B:5C,-83,ESP32_1
2022-04-06 12:19:38.994765,D8:01:00:07:6B:5C,-80,ESP32_6
2022-04-06 12:19:39.022696,D8:01:00:07:6B:5C,-91,ESP32_3
2022-04-06 12:19:39.204005,DC:2C:6E:18:84:EB,-94,ESP32_6
2022-04-06 12:19:39.289911,DC:2C:6E:18:84:EB,-75,ESP32_1
2022-04-06 12:19:39.383115,DC:2C:6E:18:84:EB,-87,ESP32_3
2022-04-06 12:19:41.579046,D8:01:00:07:6B:5C,-82,ESP32_1
2022-04-06 12:19:41.731680,D8:01:00:07:6B:5C,-93,ESP32_2
2022-04-06 12:19:42.553068,DC:2C:6E:18:84:EB,-93,ESP32_3
2022-04-06 12:19:43.438403,DC:2C:6E:18:84:EB,-81,ESP32_1
2022-04-06 12:19:43.445402,DC:2C:6E:18:84:EB,-83,ESP32_6
2022-04-06 12:19:43.509962,DC:2C:6E:18:84:EB,-93,ESP32_3
2022-04-06 12:19:45.451740,D8:01:00:07:6B:5C,-85,ESP32_1
2022-04-06 12:19:46.293175,DC:2C:6E:18:84:EB,-95,ESP32_5
2022-04-06 12:19:47.393410,DC:2C:6E:18:84:EB,-74,ESP32_1
2022-04-06 12:19:47.908426,D8:01:00:07:6B:5C,-86,ESP32_3
2022-04-06 12:19:48.020431,D8:01:00:07:6B:5C,-95,ESP32_5
2022-04-06 12:19:48.186764,DC:2C:6E:18:84:EB,-88,ESP32_3
2022-04-06 12:19:48.204831,DC:2C:6E:18:84:EB,-79,ESP32_6
2022-04-06 12:19:48.390596,DC:2C:6E:18:84:EB,-73,ESP32_1
2022-04-06 12:19:49.270833,D8:01:00:07:6B:5C,-98,ESP32_3
2022-04-06 12:19:50.046452,DF:99:1C:50:22:47,-81,ESP32_1
2022-04-06 12:19:50.275174,DC:2C:6E:18:84:EB,-96,ESP32_5
2022-04-06 12:19:50.497834,D8:01:00:07:6B:5C,-95,ESP32_5
2022-04-06 12:19:51.200979,DC:2C:6E:18:84:EB,-95,ESP32_5
2022-04-06 12:19:51.376410,DC:2C:6E:18:84:EB,-79,ESP32_1
2022-04-06 12:19:51.376633,DC:2C:6E:18:84:EB,-92,ESP32_3
2022-04-06 12:19:51.896148,D8:01:00:07:6B:5C,-85,ESP32_3
2022-04-06 12:19:52.199983,DC:2C:6E:18:84:EB,-93,ESP32_6
2022-04-06 12:19:52.306368,DC:2C:6E:18:84:EB,-82,ESP32_1
2022-04-06 12:19:52.524914,DF:99:1C:50:22:47,-89,ESP32_8
2022-04-06 12:19:53.350727,DC:2C:6E:18:84:EB,-80,ESP32_1
2022-04-06 12:19:54.470902,D8:01:00:07:6B:5C,-79,ESP32_6
2022-04-06 12:19:54.545336,D8:01:00:07:6B:5C,-86,ESP32_3
2022-04-06 12:19:54.549742,D8:01:00:07:6B:5C,-86,ESP32_1
2022-04-06 12:19:55.105295,DF:99:1C:50:22:47,-93,ESP32_8
2022-04-06 12:19:55.755379,D8:01:00:07:6B:5C,-79,ESP32_6
2022-04-06 12:19:56.182439,DC:2C:6E:18:84:EB,-89,ESP32_6
2022-04-06 12:19:56.328049,DC:2C:6E:18:84:EB,-89,ESP32_1
2022-04-06 12:19:57.204242,DC:2C:6E:18:84:EB,-84,ESP32_6
2022-04-06 12:19:57.685190,DF:99:1C:50:22:47,-93,ESP32_8
2022-04-06 12:19:58.236437,D8:01:00:07:6B:5C,-79,ESP32_6
2022-04-06 12:20:00.488142,DF:99:1C:50:22:47,-91,ESP32_1
2022-04-06 12:20:00.891079,D8:01:00:07:6B:5C,-89,ESP32_1
2022-04-06 12:20:01.005321,D8:01:00:07:6B:5C,-85,ESP32_3
2022-04-06 12:20:01.201300,DC:2C:6E:18:84:EB,-77,ESP32_3
2022-04-06 12:20:03.443758,D8:01:00:07:6B:5C,-78,ESP32_6
2022-04-06 12:20:04.670941,D8:01:00:07:6B:5C,-98,ESP32_6
2022-04-06 12:20:05.224772,DC:2C:6E:18:84:EB,-94,ESP32_1
2022-04-06 12:20:05.287785,DC:2C:6E:18:84:EB,-94,ESP32_6
2022-04-06 12:20:05.401128,DC:2C:6E:18:84:EB,-96,ESP32_3
2022-04-06 12:20:05.467778,DF:99:1C:50:22:47,-94,ESP32_7
2022-04-06 12:20:08.176522,DF:99:1C:50:22:47,-89,ESP32_1
2022-04-06 12:20:08.425765,DC:2C:6E:18:84:EB,-95,ESP32_2
2022-04-06 12:20:09.319734,DC:2C:6E:18:84:EB,-88,ESP32_1
2022-04-06 12:20:10.315458,DC:2C:6E:18:84:EB,-83,ESP32_1
2022-04-06 12:20:10.329807,DC:2C:6E:18:84:EB,-81,ESP32_6
2022-04-06 12:20:12.345678,DC:2C:6E:18:84:EB,-94,ESP32_5
2022-04-06 12:20:13.287161,DC:2C:6E:18:84:EB,-92,ESP32_1
2022-04-06 12:20:13.411736,DF:99:1C:50:22:47,-93,ESP32_3
2022-04-06 12:20:14.213201,DC:2C:6E:18:84:EB,-89,ESP32_6
2022-04-06 12:20:14.265340,DC:2C:6E:18:84:EB,-89,ESP32_1
2022-04-06 12:20:14.483267,DC:2C:6E:18:84:EB,-79,ESP32_3
2022-04-06 12:20:14.886097,D8:01:00:07:6B:5C,-91,ESP32_5
2022-04-06 12:20:14.965735,D8:01:00:07:6B:5C,-97,ESP32_2
2022-04-06 12:20:15.804397,DF:99:1C:50:22:47,-97,ESP32_5
2022-04-06 12:20:16.226718,DC:2C:6E:18:84:EB,-94,ESP32_5
2022-04-06 12:20:16.452217,DC:2C:6E:18:84:EB,-91,ESP32_2
2022-04-06 12:20:17.234430,DC:2C:6E:18:84:EB,-88,ESP32_5
2022-04-06 12:20:17.374919,D8:01:00:07:6B:5C,-74,ESP32_1
2022-04-06 12:20:17.679466,D8:01:00:07:6B:5C,-90,ESP32_3
2022-04-06 12:20:18.308784,DC:2C:6E:18:84:EB,-78,ESP32_1
2022-04-06 12:20:18.525668,DC:2C:6E:18:84:EB,-86,ESP32_3
2022-04-06 12:20:18.674406,D8:01:00:07:6B:5C,-93,ESP32_5
2022-04-06 12:20:19.536704,DC:2C:6E:18:84:EB,-78,ESP32_3
2022-04-06 12:20:19.934652,D8:01:00:07:6B:5C,-83,ESP32_6
2022-04-06 12:20:20.137634,D8:01:00:07:6B:5C,-93,ESP32_1
2022-04-06 12:20:21.240819,D8:01:00:07:6B:5C,-93,ESP32_5
2022-04-06 12:20:21.414639,DC:2C:6E:18:84:EB,-95,ESP32_2
2022-04-06 12:20:21.418788,DC:2C:6E:18:84:EB,-97,ESP32_5
2022-04-06 12:20:22.241878,DC:2C:6E:18:84:EB,-76,ESP32_1
2022-04-06 12:20:22.400403,DC:2C:6E:18:84:EB,-87,ESP32_3
2022-04-06 12:20:22.572584,D8:01:00:07:6B:5C,-92,ESP32_5
2022-04-06 12:20:23.236301,DC:2C:6E:18:84:EB,-90,ESP32_1
2022-04-06 12:20:23.416332,DC:2C:6E:18:84:EB,-82,ESP32_3
2022-04-06 12:20:23.422866,DF:99:1C:50:22:47,-86,ESP32_6
2022-04-06 12:20:23.922324,D8:01:00:07:6B:5C,-78,ESP32_6
2022-04-06 12:20:23.982815,D8:01:00:07:6B:5C,-73,ESP32_1
2022-04-06 12:20:25.079243,D8:01:00:07:6B:5C,-97,ESP32_5
2022-04-06 12:20:25.178122,D8:01:00:07:6B:5C,-93,ESP32_6
2022-04-06 12:20:26.175352,DF:99:1C:50:22:47,-88,ESP32_6
2022-04-06 12:20:26.335050,D8:01:00:07:6B:5C,-89,ESP32_1
2022-04-06 12:20:27.303698,DC:2C:6E:18:84:EB,-78,ESP32_1
2022-04-06 12:20:27.342160,DC:2C:6E:18:84:EB,-85,ESP32_3
2022-04-06 12:20:30.194306,D8:01:00:07:6B:5C,-86,ESP32_1
2022-04-06 12:20:30.349524,DC:2C:6E:18:84:EB,-94,ESP32_5
2022-04-06 12:20:31.306331,DC:2C:6E:18:84:EB,-84,ESP32_3
2022-04-06 12:20:31.397682,DC:2C:6E:18:84:EB,-95,ESP32_6
2022-04-06 12:20:32.260260,DC:2C:6E:18:84:EB,-82,ESP32_3
2022-04-06 12:20:32.264377,DC:2C:6E:18:84:EB,-79,ESP32_6
2022-04-06 12:20:32.332731,DC:2C:6E:18:84:EB,-78,ESP32_1
2022-04-06 12:20:32.859344,D8:01:00:07:6B:5C,-81,ESP32_6
2022-04-06 12:20:33.055898,D8:01:00:07:6B:5C,-75,ESP32_1
2022-04-06 12:20:34.229247,DC:2C:6E:18:84:EB,-91,ESP32_5
2022-04-06 12:20:35.338605,DC:2C:6E:18:84:EB,-94,ESP32_5
2022-04-06 12:20:36.851601,D8:01:00:07:6B:5C,-95,ESP32_3
2022-04-06 12:20:39.260240,DC:2C:6E:18:84:EB,-90,ESP32_2
2022-04-06 12:20:39.348373,DC:2C:6E:18:84:EB,-90,ESP32_5
2022-04-06 12:20:39.350881,DF:99:1C:50:22:47,-93,ESP32_6
2022-04-06 12:20:39.422346,D8:01:00:07:6B:5C,-95,ESP32_6
2022-04-06 12:20:40.236944,DC:2C:6E:18:84:EB,-82,ESP32_6
2022-04-06 12:20:40.556392,DC:2C:6E:18:84:EB,-88,ESP32_3
2022-04-06 12:20:41.264628,DC:2C:6E:18:84:EB,-90,ESP32_6
2022-04-06 12:20:41.390264,DC:2C:6E:18:84:EB,-85,ESP32_3
2022-04-06 12:20:42.380296,DC:2C:6E:18:84:EB,-89,ESP32_6
2022-04-06 12:20:43.181078,D8:01:00:07:6B:5C,-90,ESP32_3
2022-04-06 12:20:44.450699,D8:01:00:07:6B:5C,-91,ESP32_5
2022-04-06 12:20:44.537593,DC:2C:6E:18:84:EB,-90,ESP32_3
2022-04-06 12:20:45.449619,DC:2C:6E:18:84:EB,-96,ESP32_3
2022-04-06 12:20:45.959394,D8:01:00:07:6B:5C,-93,ESP32_3
2022-04-06 12:20:49.241178,DC:2C:6E:18:84:EB,-93,ESP32_6
2022-04-06 12:20:49.836764,D8:01:00:07:6B:5C,-73,ESP32_1
2022-04-06 12:20:52.203623,D8:01:00:07:6B:5C,-94,ESP32_3
2022-04-06 12:20:53.241180,DC:2C:6E:18:84:EB,-87,ESP32_6
2022-04-06 12:20:54.355715,DC:2C:6E:18:84:EB,-86,ESP32_1
2022-04-06 12:20:56.009068,D8:01:00:07:6B:5C,-87,ESP32_6
2022-04-06 12:20:56.073880,D8:01:00:07:6B:5C,-71,ESP32_1
2022-04-06 12:20:56.933027,DF:99:1C:50:22:47,-80,ESP32_6
2022-04-06 12:20:57.028461,DF:99:1C:50:22:47,-76,ESP32_1
2022-04-06 12:20:57.118566,DF:99:1C:50:22:47,-91,ESP32_3
2022-04-06 12:20:58.659674,D8:01:00:07:6B:5C,-90,ESP32_6
2022-04-06 12:20:59.920111,DF:99:1C:50:22:47,-92,ESP32_6
2022-04-06 12:21:00.525646,DC:2C:6E:18:84:EB,-97,ESP32_2
2022-04-06 12:21:01.343884,DC:2C:6E:18:84:EB,-93,ESP32_5
2022-04-06 12:21:02.440270,DC:2C:6E:18:84:EB,-95,ESP32_3
2022-04-06 12:21:03.264707,DC:2C:6E:18:84:EB,-92,ESP32_6
2022-04-06 12:21:06.320461,DC:2C:6E:18:84:EB,-92,ESP32_5
2022-04-06 12:21:06.472370,DC:2C:6E:18:84:EB,-90,ESP32_3
2022-04-06 12:21:06.526212,DC:2C:6E:18:84:EB,-82,ESP32_1
2022-04-06 12:21:07.268768,DC:2C:6E:18:84:EB,-87,ESP32_6
2022-04-06 12:21:07.362410,DC:2C:6E:18:84:EB,-72,ESP32_1
2022-04-06 12:21:11.183034,D8:01:00:07:6B:5C,-79,ESP32_1
2022-04-06 12:21:11.252571,DC:2C:6E:18:84:EB,-72,ESP32_6
2022-04-06 12:21:11.259011,D8:01:00:07:6B:5C,-93,ESP32_3
2022-04-06 12:21:12.284677,DC:2C:6E:18:84:EB,-79,ESP32_6
2022-04-06 12:21:14.922606,DF:99:1C:50:22:47,-94,ESP32_6
2022-04-06 12:21:15.242803,DC:2C:6E:18:84:EB,-88,ESP32_6
2022-04-06 12:21:15.506282,DC:2C:6E:18:84:EB,-69,ESP32_1
2022-04-06 12:21:15.558730,DC:2C:6E:18:84:EB,-81,ESP32_3
2022-04-06 12:21:15.709624,DC:2C:6E:18:84:EB,-94,ESP32_2
2022-04-06 12:21:16.281482,DC:2C:6E:18:84:EB,-92,ESP32_6
2022-04-06 12:21:16.394065,DC:2C:6E:18:84:EB,-68,ESP32_1
2022-04-06 12:21:17.596284,D8:01:00:07:6B:5C,-83,ESP32_6
2022-04-06 12:21:17.707071,DF:99:1C:50:22:47,-71,ESP32_1
2022-04-06 12:21:17.707525,DF:99:1C:50:22:47,-83,ESP32_3
2022-04-06 12:21:18.875581,D8:01:00:07:6B:5C,-98,ESP32_7
2022-04-06 12:21:19.407312,DC:2C:6E:18:84:EB,-91,ESP32_7
2022-04-06 12:21:19.464407,DC:2C:6E:18:84:EB,-94,ESP32_2
2022-04-06 12:21:19.540265,DC:2C:6E:18:84:EB,-73,ESP32_1
2022-04-06 12:21:20.226221,D8:01:00:07:6B:5C,-98,ESP32_7
2022-04-06 12:21:20.270229,D8:01:00:07:6B:5C,-86,ESP32_3
2022-04-06 12:21:20.305644,D8:01:00:07:6B:5C,-76,ESP32_1
2022-04-06 12:21:20.452472,DC:2C:6E:18:84:EB,-71,ESP32_1
2022-04-06 12:21:20.467034,DC:2C:6E:18:84:EB,-82,ESP32_3
2022-04-06 12:21:22.716161,DF:99:1C:50:22:47,-82,ESP32_6
2022-04-06 12:21:24.127331,D8:01:00:07:6B:5C,-96,ESP32_7
2022-04-06 12:21:24.137352,D8:01:00:07:6B:5C,-81,ESP32_1
2022-04-06 12:21:25.285794,DC:2C:6E:18:84:EB,-86,ESP32_6
2022-04-06 12:21:25.474876,DC:2C:6E:18:84:EB,-79,ESP32_1
2022-04-06 12:21:26.637796,D8:01:00:07:6B:5C,-77,ESP32_6
2022-04-06 12:21:27.718888,D8:01:00:07:6B:5C,-77,ESP32_1
2022-04-06 12:21:27.776786,D8:01:00:07:6B:5C,-83,ESP32_3
2022-04-06 12:21:28.364141,DC:2C:6E:18:84:EB,-73,ESP32_1
2022-04-06 12:21:29.228597,D8:01:00:07:6B:5C,-95,ESP32_5
2022-04-06 12:21:29.643683,DC:2C:6E:18:84:EB,-77,ESP32_1
2022-04-06 12:21:30.393559,DC:2C:6E:18:84:EB,-83,ESP32_6
2022-04-06 12:21:31.253406,DC:2C:6E:18:84:EB,-88,ESP32_5
2022-04-06 12:21:31.857777,D8:01:00:07:6B:5C,-76,ESP32_6
2022-04-06 12:21:32.973604,DF:99:1C:50:22:47,-96,ESP32_6
2022-04-06 12:21:33.064125,DF:99:1C:50:22:47,-81,ESP32_3
2022-04-06 12:21:33.072754,D8:01:00:07:6B:5C,-79,ESP32_6
2022-04-06 12:21:33.073254,DF:99:1C:50:22:47,-87,ESP32_1
2022-04-06 12:21:33.259447,D8:01:00:07:6B:5C,-83,ESP32_3
2022-04-06 12:21:33.573718,DC:2C:6E:18:84:EB,-81,ESP32_3
2022-04-06 12:21:34.385342,DC:2C:6E:18:84:EB,-90,ESP32_3
2022-04-06 12:21:35.624166,DF:99:1C:50:22:47,-89,ESP32_1
2022-04-06 12:21:35.652774,D8:01:00:07:6B:5C,-84,ESP32_1
2022-04-06 12:21:35.659830,DF:99:1C:50:22:47,-92,ESP32_3
2022-04-06 12:21:35.712107,D8:01:00:07:6B:5C,-85,ESP32_6
2022-04-06 12:21:35.815829,D8:01:00:07:6B:5C,-83,ESP32_3
2022-04-06 12:21:37.707056,DC:2C:6E:18:84:EB,-70,ESP32_1
2022-04-06 12:21:38.449101,DC:2C:6E:18:84:EB,-88,ESP32_6
2022-04-06 12:21:38.452952,D8:01:00:07:6B:5C,-94,ESP32_2
2022-04-06 12:21:38.725190,DC:2C:6E:18:84:EB,-72,ESP32_1
2022-04-06 12:21:39.353220,DC:2C:6E:18:84:EB,-97,ESP32_7
2022-04-06 12:21:39.530721,DC:2C:6E:18:84:EB,-75,ESP32_1
2022-04-06 12:21:39.534861,D8:01:00:07:6B:5C,-83,ESP32_6
2022-04-06 12:21:40.975352,D8:01:00:07:6B:5C,-96,ESP32_5
2022-04-06 12:21:42.108864,D8:01:00:07:6B:5C,-89,ESP32_3
2022-04-06 12:21:42.212395,D8:01:00:07:6B:5C,-99,ESP32_2
2022-04-06 12:21:42.227003,D8:01:00:07:6B:5C,-80,ESP32_6
2022-04-06 12:21:42.394006,DC:2C:6E:18:84:EB,-82,ESP32_3
2022-04-06 12:21:42.641001,DC:2C:6E:18:84:EB,-79,ESP32_1
2022-04-06 12:21:43.507148,D8:01:00:07:6B:5C,-85,ESP32_6
2022-04-06 12:21:45.302439,DC:2C:6E:18:84:EB,-95,ESP32_5
2022-04-06 12:21:45.424700,DC:2C:6E:18:84:EB,-93,ESP32_3
2022-04-06 12:21:45.978787,D8:01:00:07:6B:5C,-81,ESP32_3
2022-04-06 12:21:46.062420,D8:01:00:07:6B:5C,-86,ESP32_1
2022-04-06 12:21:46.067922,D8:01:00:07:6B:5C,-84,ESP32_6
2022-04-06 12:21:46.505980,DC:2C:6E:18:84:EB,-77,ESP32_1
2022-04-06 12:21:47.314807,DC:2C:6E:18:84:EB,-89,ESP32_6
2022-04-06 12:21:48.645563,DF:99:1C:50:22:47,-92,ESP32_1
2022-04-06 12:21:49.854147,D8:01:00:07:6B:5C,-78,ESP32_1
2022-04-06 12:21:49.860932,D8:01:00:07:6B:5C,-82,ESP32_6
2022-04-06 12:21:50.115701,D8:01:00:07:6B:5C,-85,ESP32_3
2022-04-06 12:21:50.407151,DC:2C:6E:18:84:EB,-97,ESP32_2
2022-04-06 12:21:51.306741,DC:2C:6E:18:84:EB,-88,ESP32_6
2022-04-06 12:21:51.376712,DC:2C:6E:18:84:EB,-71,ESP32_1
2022-04-06 12:21:51.390415,DC:2C:6E:18:84:EB,-85,ESP32_3
2022-04-06 12:21:53.462764,DC:2C:6E:18:84:EB,-97,ESP32_5
2022-04-06 12:21:53.548137,D8:01:00:07:6B:5C,-88,ESP32_6
2022-04-06 12:21:53.754771,D8:01:00:07:6B:5C,-80,ESP32_1
2022-04-06 12:21:53.868732,D8:01:00:07:6B:5C,-90,ESP32_3
2022-04-06 12:21:55.274953,DC:2C:6E:18:84:EB,-96,ESP32_3
2022-04-06 12:21:55.425578,DC:2C:6E:18:84:EB,-89,ESP32_6
2022-04-06 12:21:56.157627,D8:01:00:07:6B:5C,-98,ESP32_5
2022-04-06 12:21:56.284446,DC:2C:6E:18:84:EB,-90,ESP32_6
2022-04-06 12:21:56.310348,DC:2C:6E:18:84:EB,-71,ESP32_1
2022-04-06 12:21:56.313499,DC:2C:6E:18:84:EB,-78,ESP32_1
2022-04-06 12:21:57.275445,D8:01:00:07:6B:5C,-96,ESP32_5
2022-04-06 12:21:58.707485,D8:01:00:07:6B:5C,-80,ESP32_1
2022-04-06 12:21:59.401632,DC:2C:6E:18:84:EB,-91,ESP32_6
2022-04-06 12:21:59.413840,DC:2C:6E:18:84:EB,-77,ESP32_1
2022-04-06 12:21:59.607193,D8:01:00:07:6B:5C,-80,ESP32_6
2022-04-06 12:22:00.320255,DC:2C:6E:18:84:EB,-80,ESP32_1
2022-04-06 12:22:02.389884,DC:2C:6E:18:84:EB,-92,ESP32_7
2022-04-06 12:22:03.318675,DC:2C:6E:18:84:EB,-95,ESP32_5
2022-04-06 12:22:03.320192,DC:2C:6E:18:84:EB,-92,ESP32_7
2022-04-06 12:22:04.383513,DC:2C:6E:18:84:EB,-62,ESP32_1
2022-04-06 12:22:05.124054,D8:01:00:07:6B:5C,-82,ESP32_1
2022-04-06 12:22:07.390999,DC:2C:6E:18:84:EB,-89,ESP32_5
2022-04-06 12:22:07.594141,D8:01:00:07:6B:5C,-75,ESP32_1
2022-04-06 12:22:08.326607,DC:2C:6E:18:84:EB,-87,ESP32_1
2022-04-06 12:22:09.119198,DF:99:1C:50:22:47,-89,ESP32_6
2022-04-06 12:22:09.131892,DF:99:1C:50:22:47,-94,ESP32_3
2022-04-06 12:22:09.312341,DC:2C:6E:18:84:EB,-76,ESP32_1
2022-04-06 12:22:09.398213,DC:2C:6E:18:84:EB,-82,ESP32_3
2022-04-06 12:22:10.204023,D8:01:00:07:6B:5C,-91,ESP32_5
2022-04-06 12:22:11.323960,DC:2C:6E:18:84:EB,-85,ESP32_5
2022-04-06 12:22:11.455751,D8:01:00:07:6B:5C,-86,ESP32_6
2022-04-06 12:22:11.558341,D8:01:00:07:6B:5C,-89,ESP32_3
2022-04-06 12:22:11.695777,DF:99:1C:50:22:47,-97,ESP32_6
2022-04-06 12:22:13.516012,DC:2C:6E:18:84:EB,-92,ESP32_6
2022-04-06 12:22:13.700475,DC:2C:6E:18:84:EB,-92,ESP32_3
2022-04-06 12:22:14.237855,D8:01:00:07:6B:5C,-75,ESP32_1
2022-04-06 12:22:14.353544,DC:2C:6E:18:84:EB,-90,ESP32_7
2022-04-06 12:22:15.296106,DC:2C:6E:18:84:EB,-90,ESP32_7
2022-04-06 12:22:15.398230,DC:2C:6E:18:84:EB,-91,ESP32_5
2022-04-06 12:22:16.312690,DC:2C:6E:18:84:EB,-88,ESP32_7
2022-04-06 12:22:16.608544,D8:01:00:07:6B:5C,-91,ESP32_5
2022-04-06 12:22:17.389298,DC:2C:6E:18:84:EB,-87,ESP32_1
2022-04-06 12:22:17.613887,DC:2C:6E:18:84:EB,-89,ESP32_3
2022-04-06 12:22:17.931374,D8:01:00:07:6B:5C,-95,ESP32_3
2022-04-06 12:22:18.017815,D8:01:00:07:6B:5C,-84,ESP32_6
2022-04-06 12:22:18.133822,D8:01:00:07:6B:5C,-62,ESP32_1
2022-04-06 12:22:18.364022,DC:2C:6E:18:84:EB,-81,ESP32_7
2022-04-06 12:22:18.433131,DC:2C:6E:18:84:EB,-88,ESP32_1
2022-04-06 12:22:19.186456,D8:01:00:07:6B:5C,-95,ESP32_7
2022-04-06 12:22:19.200193,D8:01:00:07:6B:5C,-88,ESP32_5
2022-04-06 12:22:19.436370,DF:99:1C:50:22:47,-77,ESP32_6
2022-04-06 12:22:20.337025,DC:2C:6E:18:84:EB,-80,ESP32_7
2022-04-06 12:22:20.579635,D8:01:00:07:6B:5C,-68,ESP32_1
2022-04-06 12:22:21.312018,DC:2C:6E:18:84:EB,-93,ESP32_1
2022-04-06 12:22:21.337182,DC:2C:6E:18:84:EB,-79,ESP32_7
2022-04-06 12:22:23.071742,D8:01:00:07:6B:5C,-89,ESP32_7
2022-04-06 12:22:23.371713,D8:01:00:07:6B:5C,-94,ESP32_6
2022-04-06 12:22:23.391002,D8:01:00:07:6B:5C,-89,ESP32_5
2022-04-06 12:22:24.423147,D8:01:00:07:6B:5C,-84,ESP32_6
2022-04-06 12:22:24.426528,D8:01:00:07:6B:5C,-70,ESP32_1
2022-04-06 12:22:24.510831,DC:2C:6E:18:84:EB,-88,ESP32_2
2022-04-06 12:22:25.327474,DC:2C:6E:18:84:EB,-93,ESP32_5
2022-04-06 12:22:25.526741,DC:2C:6E:18:84:EB,-85,ESP32_2
2022-04-06 12:22:27.167548,DF:99:1C:50:22:47,-97,ESP32_3
2022-04-06 12:22:29.340458,DC:2C:6E:18:84:EB,-87,ESP32_7
2022-04-06 12:22:29.420516,DC:2C:6E:18:84:EB,-94,ESP32_2
2022-04-06 12:22:29.536223,D8:01:00:07:6B:5C,-92,ESP32_7
2022-04-06 12:22:29.698818,DF:99:1C:50:22:47,-90,ESP32_1
2022-04-06 12:22:30.439398,DC:2C:6E:18:84:EB,-92,ESP32_1
2022-04-06 12:22:30.467870,DC:2C:6E:18:84:EB,-81,ESP32_7
2022-04-06 12:22:30.659106,DC:2C:6E:18:84:EB,-97,ESP32_3
2022-04-06 12:22:31.445722,DC:2C:6E:18:84:EB,-87,ESP32_1
2022-04-06 12:22:32.398228,DC:2C:6E:18:84:EB,-89,ESP32_8
2022-04-06 12:22:34.324506,DC:2C:6E:18:84:EB,-85,ESP32_8
2022-04-06 12:22:34.757347,DF:99:1C:50:22:47,-96,ESP32_5
2022-04-06 12:22:34.760986,DF:99:1C:50:22:47,-89,ESP32_7
2022-04-06 12:22:34.864007,DF:99:1C:50:22:47,-93,ESP32_2
2022-04-06 12:22:35.454774,DC:2C:6E:18:84:EB,-95,ESP32_1
2022-04-06 12:22:35.999634,D8:01:00:07:6B:5C,-94,ESP32_5
2022-04-06 12:22:36.075838,D8:01:00:07:6B:5C,-70,ESP32_7
2022-04-06 12:22:37.319084,DF:99:1C:50:22:47,-90,ESP32_2
2022-04-06 12:22:37.319858,DF:99:1C:50:22:47,-98,ESP32_5
2022-04-06 12:22:37.322061,D8:01:00:07:6B:5C,-94,ESP32_8
2022-04-06 12:22:37.333728,DC:2C:6E:18:84:EB,-88,ESP32_2
2022-04-06 12:22:38.335470,DC:2C:6E:18:84:EB,-95,ESP32_2
2022-04-06 12:22:38.442914,DC:2C:6E:18:84:EB,-99,ESP32_5
2022-04-06 12:22:38.622703,D8:01:00:07:6B:5C,-96,ESP32_8
2022-04-06 12:22:42.341719,DC:2C:6E:18:84:EB,-95,ESP32_7
2022-04-06 12:22:43.334375,DC:2C:6E:18:84:EB,-95,ESP32_7
2022-04-06 12:22:43.336359,DC:2C:6E:18:84:EB,-90,ESP32_8
2022-04-06 12:22:44.539428,DC:2C:6E:18:84:EB,-86,ESP32_1
2022-04-06 12:22:44.901269,D8:01:00:07:6B:5C,-87,ESP32_8
2022-04-06 12:22:47.365936,DC:2C:6E:18:84:EB,-88,ESP32_2
2022-04-06 12:22:47.443765,DC:2C:6E:18:84:EB,-91,ESP32_8
2022-04-06 12:22:48.667000,DC:2C:6E:18:84:EB,-87,ESP32_1
2022-04-06 12:22:49.972552,D8:01:00:07:6B:5C,-90,ESP32_1
2022-04-06 12:22:50.372296,DF:99:1C:50:22:47,-95,ESP32_1
2022-04-06 12:22:51.244563,D8:01:00:07:6B:5C,-96,ESP32_7
2022-04-06 12:22:51.339849,DC:2C:6E:18:84:EB,-93,ESP32_7
2022-04-06 12:22:51.442965,DC:2C:6E:18:84:EB,-93,ESP32_2
2022-04-06 12:22:52.733303,D8:01:00:07:6B:5C,-84,ESP32_1
2022-04-06 12:22:52.750079,DF:99:1C:50:22:47,-89,ESP32_7
2022-04-06 12:22:52.840799,D8:01:00:07:6B:5C,-91,ESP32_3
2022-04-06 12:22:55.360756,DC:2C:6E:18:84:EB,-88,ESP32_7
2022-04-06 12:22:56.379129,DC:2C:6E:18:84:EB,-87,ESP32_2
2022-04-06 12:22:56.434216,DC:2C:6E:18:84:EB,-88,ESP32_5
2022-04-06 12:22:57.392975,DC:2C:6E:18:84:EB,-83,ESP32_7
2022-04-06 12:22:57.397511,DC:2C:6E:18:84:EB,-77,ESP32_1
2022-04-06 12:22:57.416029,DC:2C:6E:18:84:EB,-98,ESP32_6
2022-04-06 12:22:57.481027,DC:2C:6E:18:84:EB,-82,ESP32_7
2022-04-06 12:22:57.589110,D8:01:00:07:6B:5C,-96,ESP32_7
2022-04-06 12:22:58.875376,D8:01:00:07:6B:5C,-86,ESP32_3
2022-04-06 12:22:58.984776,D8:01:00:07:6B:5C,-93,ESP32_6
2022-04-06 12:22:59.071598,D8:01:00:07:6B:5C,-76,ESP32_1
2022-04-06 12:23:00.246470,D8:01:00:07:6B:5C,-94,ESP32_7
2022-04-06 12:23:00.433032,DC:2C:6E:18:84:EB,-93,ESP32_2
2022-04-06 12:23:01.382813,DC:2C:6E:18:84:EB,-91,ESP32_6
2022-04-06 12:23:01.527321,D8:01:00:07:6B:5C,-91,ESP32_6
2022-04-06 12:23:01.793727,D8:01:00:07:6B:5C,-85,ESP32_1
2022-04-06 12:23:02.353796,DC:2C:6E:18:84:EB,-88,ESP32_6
2022-04-06 12:23:02.639730,DC:2C:6E:18:84:EB,-69,ESP32_1
2022-04-06 12:23:03.182979,DF:99:1C:50:22:47,-91,ESP32_6
2022-04-06 12:23:03.401993,DF:99:1C:50:22:47,-71,ESP32_1
2022-04-06 12:23:04.148150,D8:01:00:07:6B:5C,-93,ESP32_2
2022-04-06 12:23:05.341205,D8:01:00:07:6B:5C,-89,ESP32_6
2022-04-06 12:23:05.470565,DC:2C:6E:18:84:EB,-88,ESP32_5
2022-04-06 12:23:05.537856,D8:01:00:07:6B:5C,-81,ESP32_3
2022-04-06 12:23:05.625142,DC:2C:6E:18:84:EB,-90,ESP32_3
2022-04-06 12:23:05.838803,DF:99:1C:50:22:47,-93,ESP32_6
2022-04-06 12:23:06.090015,DF:99:1C:50:22:47,-81,ESP32_1
2022-04-06 12:23:06.374938,DC:2C:6E:18:84:EB,-90,ESP32_6
2022-04-06 12:23:06.469625,DC:2C:6E:18:84:EB,-77,ESP32_1
2022-04-06 12:23:07.944850,D8:01:00:07:6B:5C,-80,ESP32_1
2022-04-06 12:23:08.108931,D8:01:00:07:6B:5C,-79,ESP32_6
2022-04-06 12:23:08.302374,D8:01:00:07:6B:5C,-89,ESP32_3
2022-04-06 12:23:08.350514,DC:2C:6E:18:84:EB,-92,ESP32_2
2022-04-06 12:23:09.450862,DC:2C:6E:18:84:EB,-97,ESP32_2
2022-04-06 12:23:10.428675,DC:2C:6E:18:84:EB,-89,ESP32_3
2022-04-06 12:23:11.417410,DC:2C:6E:18:84:EB,-89,ESP32_3
2022-04-06 12:23:11.422731,DC:2C:6E:18:84:EB,-68,ESP32_1
2022-04-06 12:23:11.471918,DC:2C:6E:18:84:EB,-79,ESP32_6
2022-04-06 12:23:11.810596,D8:01:00:07:6B:5C,-67,ESP32_6
2022-04-06 12:23:11.865597,D8:01:00:07:6B:5C,-86,ESP32_1
2022-04-06 12:23:13.400786,DF:99:1C:50:22:47,-96,ESP32_5
2022-04-06 12:23:14.377855,DC:2C:6E:18:84:EB,-87,ESP32_6
2022-04-06 12:23:14.544204,DC:2C:6E:18:84:EB,-77,ESP32_1
2022-04-06 12:23:15.373505,DC:2C:6E:18:84:EB,-93,ESP32_1
2022-04-06 12:23:15.687270,D8:01:00:07:6B:5C,-90,ESP32_6
2022-04-06 12:23:15.689024,D8:01:00:07:6B:5C,-81,ESP32_1
2022-04-06 12:23:18.316710,D8:01:00:07:6B:5C,-81,ESP32_6
2022-04-06 12:23:18.332828,D8:01:00:07:6B:5C,-86,ESP32_1
2022-04-06 12:23:18.435277,D8:01:00:07:6B:5C,-78,ESP32_3
2022-04-06 12:23:20.891147,D8:01:00:07:6B:5C,-89,ESP32_1
2022-04-06 12:23:21.140347,DF:99:1C:50:22:47,-85,ESP32_1
2022-04-06 12:23:23.444596,DC:2C:6E:18:84:EB,-90,ESP32_6
2022-04-06 12:23:23.482617,DC:2C:6E:18:84:EB,-77,ESP32_1
2022-04-06 12:23:23.648816,DC:2C:6E:18:84:EB,-84,ESP32_3
2022-04-06 12:23:23.776486,DF:99:1C:50:22:47,-85,ESP32_6
2022-04-06 12:23:24.366972,DC:2C:6E:18:84:EB,-88,ESP32_6
2022-04-06 12:23:24.780719,D8:01:00:07:6B:5C,-86,ESP32_1
2022-04-06 12:23:24.783444,D8:01:00:07:6B:5C,-92,ESP32_3
2022-04-06 12:23:27.270648,D8:01:00:07:6B:5C,-96,ESP32_5
2022-04-06 12:23:27.480791,D8:01:00:07:6B:5C,-83,ESP32_3
2022-04-06 12:23:28.406819,DC:2C:6E:18:84:EB,-93,ESP32_6
2022-04-06 12:23:28.665702,DC:2C:6E:18:84:EB,-89,ESP32_3
2022-04-06 12:23:28.871525,DC:2C:6E:18:84:EB,-83,ESP32_1
2022-04-06 12:23:31.266129,D8:01:00:07:6B:5C,-84,ESP32_6
2022-04-06 12:23:31.336920,D8:01:00:07:6B:5C,-85,ESP32_3
2022-04-06 12:23:32.343711,D8:01:00:07:6B:5C,-83,ESP32_1
2022-04-06 12:23:32.343955,D8:01:00:07:6B:5C,-81,ESP32_6
2022-04-06 12:23:32.507232,DC:2C:6E:18:84:EB,-74,ESP32_1
2022-04-06 12:23:32.667956,D8:01:00:07:6B:5C,-82,ESP32_3
2022-04-06 12:23:33.478390,DC:2C:6E:18:84:EB,-84,ESP32_6
2022-04-06 12:23:33.537295,D8:01:00:07:6B:5C,-91,ESP32_5
2022-04-06 12:23:33.983673,DF:99:1C:50:22:47,-93,ESP32_6
2022-04-06 12:23:34.915026,D8:01:00:07:6B:5C,-89,ESP32_6
2022-04-06 12:23:34.959702,D8:01:00:07:6B:5C,-92,ESP32_5
2022-04-06 12:23:36.405949,DC:2C:6E:18:84:EB,-98,ESP32_2
2022-04-06 12:23:36.447161,DC:2C:6E:18:84:EB,-87,ESP32_6
2022-04-06 12:23:36.545641,DC:2C:6E:18:84:EB,-83,ESP32_1
2022-04-06 12:23:36.678432,DC:2C:6E:18:84:EB,-88,ESP32_3
2022-04-06 12:23:37.302641,D8:01:00:07:6B:5C,-87,ESP32_3
2022-04-06 12:23:37.404429,D8:01:00:07:6B:5C,-79,ESP32_1
2022-04-06 12:23:37.461192,DC:2C:6E:18:84:EB,-82,ESP32_6
2022-04-06 12:23:37.483700,DC:2C:6E:18:84:EB,-81,ESP32_3
2022-04-06 12:23:37.487984,DC:2C:6E:18:84:EB,-78,ESP32_1
2022-04-06 12:23:39.219123,DF:99:1C:50:22:47,-80,ESP32_1
2022-04-06 12:23:39.389073,DC:2C:6E:18:84:EB,-97,ESP32_7
2022-04-06 12:23:39.845191,D8:01:00:07:6B:5C,-81,ESP32_6
2022-04-06 12:23:39.969556,D8:01:00:07:6B:5C,-82,ESP32_1
2022-04-06 12:23:40.032297,D8:01:00:07:6B:5C,-91,ESP32_3
2022-04-06 12:23:41.473382,DC:2C:6E:18:84:EB,-81,ESP32_1
2022-04-06 12:23:41.481341,DC:2C:6E:18:84:EB,-82,ESP32_6
2022-04-06 12:23:42.532153,D8:01:00:07:6B:5C,-87,ESP32_5
2022-04-06 12:23:43.788928,D8:01:00:07:6B:5C,-83,ESP32_6
2022-04-06 12:23:43.939264,D8:01:00:07:6B:5C,-88,ESP32_3
2022-04-06 12:23:44.468144,DC:2C:6E:18:84:EB,-96,ESP32_7
2022-04-06 12:23:45.471161,DC:2C:6E:18:84:EB,-88,ESP32_6
2022-04-06 12:23:45.473941,DC:2C:6E:18:84:EB,-86,ESP32_3
2022-04-06 12:23:45.477828,DC:2C:6E:18:84:EB,-85,ESP32_1
2022-04-06 12:23:46.435301,D8:01:00:07:6B:5C,-93,ESP32_1
2022-04-06 12:23:46.440238,DC:2C:6E:18:84:EB,-83,ESP32_1
2022-04-06 12:23:47.970846,D8:01:00:07:6B:5C,-83,ESP32_1
2022-04-06 12:23:50.371030,DC:2C:6E:18:84:EB,-84,ESP32_1
2022-04-06 12:23:50.475970,DC:2C:6E:18:84:EB,-87,ESP32_6
2022-04-06 12:23:50.614981,DC:2C:6E:18:84:EB,-90,ESP32_3
2022-04-06 12:23:52.827125,D8:01:00:07:6B:5C,-85,ESP32_6
2022-04-06 12:23:54.626026,DF:99:1C:50:22:47,-84,ESP32_1
2022-04-06 12:23:55.399330,DC:2C:6E:18:84:EB,-88,ESP32_6
2022-04-06 12:23:55.403191,DC:2C:6E:18:84:EB,-85,ESP32_1
2022-04-06 12:23:55.530131,D8:01:00:07:6B:5C,-93,ESP32_5
2022-04-06 12:23:56.828576,D8:01:00:07:6B:5C,-81,ESP32_1
2022-04-06 12:23:56.853670,D8:01:00:07:6B:5C,-86,ESP32_3
2022-04-06 12:23:58.475791,DC:2C:6E:18:84:EB,-84,ESP32_1
2022-04-06 12:23:58.508692,DC:2C:6E:18:84:EB,-89,ESP32_6
2022-04-06 12:23:58.574017,DC:2C:6E:18:84:EB,-81,ESP32_3
2022-04-06 12:23:59.514520,D8:01:00:07:6B:5C,-83,ESP32_1
2022-04-06 12:23:59.524948,DC:2C:6E:18:84:EB,-88,ESP32_1
2022-04-06 12:23:59.657319,D8:01:00:07:6B:5C,-87,ESP32_3
2022-04-06 12:23:59.737095,DC:2C:6E:18:84:EB,-91,ESP32_3
2022-04-06 12:24:01.484710,DC:2C:6E:18:84:EB,-93,ESP32_6
2022-04-06 12:24:02.497347,DC:2C:6E:18:84:EB,-91,ESP32_6
2022-04-06 12:24:03.270216,D8:01:00:07:6B:5C,-89,ESP32_1
2022-04-06 12:24:03.505407,DC:2C:6E:18:84:EB,-88,ESP32_6
2022-04-06 12:24:03.825337,DC:2C:6E:18:84:EB,-87,ESP32_3
2022-04-06 12:24:05.941809,D8:01:00:07:6B:5C,-90,ESP32_3
2022-04-06 12:24:07.467873,DC:2C:6E:18:84:EB,-87,ESP32_1
2022-04-06 12:24:07.625888,DC:2C:6E:18:84:EB,-92,ESP32_3
2022-04-06 12:24:08.295914,D8:01:00:07:6B:5C,-95,ESP32_6
2022-04-06 12:24:08.494788,DC:2C:6E:18:84:EB,-84,ESP32_1
2022-04-06 12:24:12.095526,D8:01:00:07:6B:5C,-87,ESP32_6
2022-04-06 12:24:12.514113,DC:2C:6E:18:84:EB,-84,ESP32_3
2022-04-06 12:24:12.536357,DC:2C:6E:18:84:EB,-83,ESP32_6
2022-04-06 12:24:12.609404,DF:99:1C:50:22:47,-83,ESP32_1
2022-04-06 12:24:12.926114,DF:99:1C:50:22:47,-97,ESP32_3
2022-04-06 12:24:14.700164,D8:01:00:07:6B:5C,-95,ESP32_5
2022-04-06 12:24:16.385392,DC:2C:6E:18:84:EB,-89,ESP32_6
2022-04-06 12:24:17.430872,DC:2C:6E:18:84:EB,-91,ESP32_6
2022-04-06 12:24:17.511360,DC:2C:6E:18:84:EB,-82,ESP32_1
2022-04-06 12:24:17.604622,DC:2C:6E:18:84:EB,-90,ESP32_3
2022-04-06 12:24:18.638656,D8:01:00:07:6B:5C,-81,ESP32_1
2022-04-06 12:24:19.485792,DC:2C:6E:18:84:EB,-95,ESP32_5
2022-04-06 12:24:20.489341,DC:2C:6E:18:84:EB,-81,ESP32_1
2022-04-06 12:24:20.492765,DC:2C:6E:18:84:EB,-88,ESP32_6
2022-04-06 12:24:20.508390,DC:2C:6E:18:84:EB,-90,ESP32_3
2022-04-06 12:24:21.155175,D8:01:00:07:6B:5C,-95,ESP32_5
2022-04-06 12:24:21.429941,DC:2C:6E:18:84:EB,-87,ESP32_6
2022-04-06 12:24:21.503854,DC:2C:6E:18:84:EB,-94,ESP32_3
2022-04-06 12:24:21.726366,DC:2C:6E:18:84:EB,-81,ESP32_1
2022-04-06 12:24:23.571515,D8:01:00:07:6B:5C,-82,ESP32_6
2022-04-06 12:24:25.408593,DC:2C:6E:18:84:EB,-93,ESP32_6
2022-04-06 12:24:25.441910,DC:2C:6E:18:84:EB,-83,ESP32_1
2022-04-06 12:24:26.120937,D8:01:00:07:6B:5C,-76,ESP32_6
2022-04-06 12:24:26.312288,D8:01:00:07:6B:5C,-83,ESP32_3
2022-04-06 12:24:26.412184,D8:01:00:07:6B:5C,-71,ESP32_1
2022-04-06 12:24:26.417482,DC:2C:6E:18:84:EB,-94,ESP32_6
2022-04-06 12:24:26.717708,DC:2C:6E:18:84:EB,-82,ESP32_1
2022-04-06 12:24:27.481209,D8:01:00:07:6B:5C,-73,ESP32_1
2022-04-06 12:24:29.831771,DC:2C:6E:18:84:EB,-83,ESP32_1
2022-04-06 12:24:30.430179,DC:2C:6E:18:84:EB,-82,ESP32_6
2022-04-06 12:24:30.437490,DC:2C:6E:18:84:EB,-88,ESP32_3
2022-04-06 12:24:30.613297,DC:2C:6E:18:84:EB,-88,ESP32_1
2022-04-06 12:24:34.420224,DC:2C:6E:18:84:EB,-93,ESP32_6
2022-04-06 12:24:34.437970,DC:2C:6E:18:84:EB,-79,ESP32_1
2022-04-06 12:24:34.707248,DC:2C:6E:18:84:EB,-97,ESP32_3
2022-04-06 12:24:36.379248,D8:01:00:07:6B:5C,-96,ESP32_2
2022-04-06 12:24:37.819152,D8:01:00:07:6B:5C,-92,ESP32_3
2022-04-06 12:24:38.697020,DF:99:1C:50:22:47,-82,ESP32_1
2022-04-06 12:24:38.798706,DC:2C:6E:18:84:EB,-83,ESP32_1
2022-04-06 12:24:38.948415,D8:01:00:07:6B:5C,-88,ESP32_6
2022-04-06 12:24:39.521446,DC:2C:6E:18:84:EB,-91,ESP32_1
2022-04-06 12:24:39.522114,DC:2C:6E:18:84:EB,-93,ESP32_6
2022-04-06 12:24:40.194362,D8:01:00:07:6B:5C,-93,ESP32_5
2022-04-06 12:24:44.644573,DC:2C:6E:18:84:EB,-79,ESP32_1
2022-04-06 12:24:46.619907,D8:01:00:07:6B:5C,-72,ESP32_1
2022-04-06 12:24:47.552091,DC:2C:6E:18:84:EB,-82,ESP32_1
2022-04-06 12:24:48.484609,DC:2C:6E:18:84:EB,-93,ESP32_6
2022-04-06 12:24:49.274789,D8:01:00:07:6B:5C,-87,ESP32_2
2022-04-06 12:24:50.603076,D8:01:00:07:6B:5C,-96,ESP32_3
2022-04-06 12:24:50.606250,D8:01:00:07:6B:5C,-76,ESP32_1
2022-04-06 12:24:51.250090,DF:99:1C:50:22:47,-83,ESP32_1
2022-04-06 12:24:51.304379,DF:99:1C:50:22:47,-85,ESP32_6
2022-04-06 12:24:51.451479,DC:2C:6E:18:84:EB,-83,ESP32_6
2022-04-06 12:24:51.720546,DC:2C:6E:18:84:EB,-88,ESP32_3
2022-04-06 12:24:52.419345,DC:2C:6E:18:84:EB,-73,ESP32_1
2022-04-06 12:24:52.437650,DC:2C:6E:18:84:EB,-93,ESP32_6
2022-04-06 12:24:53.221148,D8:01:00:07:6B:5C,-93,ESP32_3
2022-04-06 12:24:54.022905,DF:99:1C:50:22:47,-96,ESP32_3
2022-04-06 12:24:55.633110,D8:01:00:07:6B:5C,-93,ESP32_2
2022-04-06 12:24:55.645729,D8:01:00:07:6B:5C,-90,ESP32_7
2022-04-06 12:24:56.537562,DC:2C:6E:18:84:EB,-92,ESP32_3
2022-04-06 12:24:56.544022,DC:2C:6E:18:84:EB,-72,ESP32_1
2022-04-06 12:24:57.056773,D8:01:00:07:6B:5C,-80,ESP32_1
2022-04-06 12:24:58.446310,D8:01:00:07:6B:5C,-91,ESP32_7
2022-04-06 12:24:59.416517,DC:2C:6E:18:84:EB,-98,ESP32_5
2022-04-06 12:24:59.508965,D8:01:00:07:6B:5C,-89,ESP32_1
2022-04-06 12:25:00.459550,DC:2C:6E:18:84:EB,-82,ESP32_6
2022-04-06 12:25:00.473008,DC:2C:6E:18:84:EB,-87,ESP32_3
2022-04-06 12:25:00.516937,DC:2C:6E:18:84:EB,-71,ESP32_1
2022-04-06 12:25:01.539951,DC:2C:6E:18:84:EB,-80,ESP32_1
2022-04-06 12:25:01.561109,DC:2C:6E:18:84:EB,-82,ESP32_6
2022-04-06 12:25:03.388734,D8:01:00:07:6B:5C,-98,ESP32_1
2022-04-06 12:25:03.547200,DC:2C:6E:18:84:EB,-98,ESP32_2
2022-04-06 12:25:04.456238,DC:2C:6E:18:84:EB,-95,ESP32_5
2022-04-06 12:25:05.465041,DC:2C:6E:18:84:EB,-87,ESP32_6
2022-04-06 12:25:05.547913,DC:2C:6E:18:84:EB,-80,ESP32_1
2022-04-06 12:25:06.295242,D8:01:00:07:6B:5C,-80,ESP32_1
2022-04-06 12:25:08.571641,D8:01:00:07:6B:5C,-91,ESP32_7
2022-04-06 12:25:08.669354,D8:01:00:07:6B:5C,-91,ESP32_5
2022-04-06 12:25:08.671786,D8:01:00:07:6B:5C,-94,ESP32_2
2022-04-06 12:25:09.655920,DC:2C:6E:18:84:EB,-75,ESP32_1
2022-04-06 12:25:09.922723,D8:01:00:07:6B:5C,-90,ESP32_7
2022-04-06 12:25:09.931642,D8:01:00:07:6B:5C,-86,ESP32_3
2022-04-06 12:25:10.564477,DC:2C:6E:18:84:EB,-78,ESP32_6
2022-04-06 12:25:11.928413,DF:99:1C:50:22:47,-92,ESP32_1
2022-04-06 12:25:12.325347,D8:01:00:07:6B:5C,-91,ESP32_7
2022-04-06 12:25:13.539886,DC:2C:6E:18:84:EB,-77,ESP32_6
2022-04-06 12:25:13.578410,DC:2C:6E:18:84:EB,-79,ESP32_1
2022-04-06 12:25:14.404388,DF:99:1C:50:22:47,-94,ESP32_7
2022-04-06 12:25:14.472331,DC:2C:6E:18:84:EB,-81,ESP32_1
2022-04-06 12:25:17.548434,DC:2C:6E:18:84:EB,-96,ESP32_5
2022-04-06 12:25:18.628659,DC:2C:6E:18:84:EB,-74,ESP32_1
2022-04-06 12:25:22.543335,DC:2C:6E:18:84:EB,-96,ESP32_6
2022-04-06 12:25:22.636978,DC:2C:6E:18:84:EB,-77,ESP32_1
2022-04-06 12:25:23.665790,DC:2C:6E:18:84:EB,-79,ESP32_1
2022-04-06 12:25:27.373414,DF:99:1C:50:22:47,-88,ESP32_3
2022-04-06 12:25:27.562125,DC:2C:6E:18:84:EB,-95,ESP32_6
2022-04-06 12:25:28.022025,D8:01:00:07:6B:5C,-96,ESP32_1
2022-04-06 12:25:30.153569,D8:01:00:07:6B:5C,-84,ESP32_7
2022-04-06 12:25:30.478299,DC:2C:6E:18:84:EB,-95,ESP32_5
2022-04-06 12:25:31.744533,D8:01:00:07:6B:5C,-91,ESP32_1
2022-04-06 12:25:31.871768,DC:2C:6E:18:84:EB,-78,ESP32_1
2022-04-06 12:25:32.505876,DC:2C:6E:18:84:EB,-77,ESP32_1
2022-04-06 12:25:32.571418,DC:2C:6E:18:84:EB,-88,ESP32_6
2022-04-06 12:25:34.077537,D8:01:00:07:6B:5C,-72,ESP32_7
2022-04-06 12:25:34.605054,DC:2C:6E:18:84:EB,-88,ESP32_1
2022-04-06 12:25:34.689794,DC:2C:6E:18:84:EB,-94,ESP32_5
2022-04-06 12:25:35.490176,DC:2C:6E:18:84:EB,-90,ESP32_7
2022-04-06 12:25:35.587734,DC:2C:6E:18:84:EB,-95,ESP32_6
2022-04-06 12:25:35.677025,DC:2C:6E:18:84:EB,-90,ESP32_5
2022-04-06 12:25:35.678908,DC:2C:6E:18:84:EB,-97,ESP32_3
2022-04-06 12:25:36.487874,DC:2C:6E:18:84:EB,-96,ESP32_6
2022-04-06 12:25:38.113619,D8:01:00:07:6B:5C,-91,ESP32_1
2022-04-06 12:25:38.452622,DC:2C:6E:18:84:EB,-93,ESP32_7
2022-04-06 12:25:38.547510,DC:2C:6E:18:84:EB,-91,ESP32_2
2022-04-06 12:25:39.163352,D8:01:00:07:6B:5C,-98,ESP32_7
2022-04-06 12:25:40.467278,DC:2C:6E:18:84:EB,-95,ESP32_6
2022-04-06 12:25:42.672758,DC:2C:6E:18:84:EB,-93,ESP32_7
2022-04-06 12:25:43.080472,D8:01:00:07:6B:5C,-98,ESP32_5
2022-04-06 12:25:43.477898,DC:2C:6E:18:84:EB,-95,ESP32_7
2022-04-06 12:25:44.498897,DC:2C:6E:18:84:EB,-88,ESP32_1
2022-04-06 12:25:44.583782,DC:2C:6E:18:84:EB,-91,ESP32_5
2022-04-06 12:25:45.465396,DC:2C:6E:18:84:EB,-87,ESP32_1
2022-04-06 12:25:45.630241,D8:01:00:07:6B:5C,-89,ESP32_7
2022-04-06 12:25:47.050746,D8:01:00:07:6B:5C,-89,ESP32_1
2022-04-06 12:25:49.562979,DC:2C:6E:18:84:EB,-85,ESP32_1
2022-04-06 12:25:49.565043,DC:2C:6E:18:84:EB,-93,ESP32_6
2022-04-06 12:25:52.163768,D8:01:00:07:6B:5C,-91,ESP32_7
2022-04-06 12:25:52.608181,DC:2C:6E:18:84:EB,-92,ESP32_5
2022-04-06 12:25:53.579054,DC:2C:6E:18:84:EB,-96,ESP32_3
2022-04-06 12:25:54.535416,DC:2C:6E:18:84:EB,-91,ESP32_1
2022-04-06 12:25:55.534988,DC:2C:6E:18:84:EB,-84,ESP32_7
2022-04-06 12:25:55.963324,D8:01:00:07:6B:5C,-95,ESP32_8
2022-04-06 12:25:56.482234,DC:2C:6E:18:84:EB,-96,ESP32_8
2022-04-06 12:25:56.500048,DC:2C:6E:18:84:EB,-84,ESP32_7
2022-04-06 12:25:56.579102,DC:2C:6E:18:84:EB,-94,ESP32_2
2022-04-06 12:25:57.538255,DC:2C:6E:18:84:EB,-95,ESP32_8
2022-04-06 12:25:57.584513,DC:2C:6E:18:84:EB,-99,ESP32_6
2022-04-06 12:25:57.610322,DC:2C:6E:18:84:EB,-92,ESP32_2
2022-04-06 12:25:58.524803,DC:2C:6E:18:84:EB,-85,ESP32_1
2022-04-06 12:25:59.852821,D8:01:00:07:6B:5C,-83,ESP32_1
2022-04-06 12:26:00.480317,DC:2C:6E:18:84:EB,-89,ESP32_7
2022-04-06 12:26:00.567295,DC:2C:6E:18:84:EB,-91,ESP32_8
2022-04-06 12:26:01.613929,DC:2C:6E:18:84:EB,-88,ESP32_7
2022-04-06 12:26:02.270109,D8:01:00:07:6B:5C,-87,ESP32_1
2022-04-06 12:26:02.586801,DC:2C:6E:18:84:EB,-83,ESP32_1
2022-04-06 12:26:03.533476,DC:2C:6E:18:84:EB,-90,ESP32_1
2022-04-06 12:26:03.654446,D8:01:00:07:6B:5C,-84,ESP32_7
2022-04-06 12:26:04.982903,D8:01:00:07:6B:5C,-88,ESP32_7
2022-04-06 12:26:05.483152,DC:2C:6E:18:84:EB,-91,ESP32_8
2022-04-06 12:26:06.101213,DF:99:1C:50:22:47,-85,ESP32_7
2022-04-06 12:26:06.584700,DC:2C:6E:18:84:EB,-85,ESP32_1
2022-04-06 12:26:06.664049,DC:2C:6E:18:84:EB,-94,ESP32_3
2022-04-06 12:26:07.533787,DC:2C:6E:18:84:EB,-90,ESP32_1
2022-04-06 12:26:08.479799,DF:99:1C:50:22:47,-77,ESP32_7
2022-04-06 12:26:08.766440,D8:01:00:07:6B:5C,-90,ESP32_2
2022-04-06 12:26:09.480212,DC:2C:6E:18:84:EB,-83,ESP32_7
2022-04-06 12:26:09.482450,DC:2C:6E:18:84:EB,-97,ESP32_5
2022-04-06 12:26:10.509288,DC:2C:6E:18:84:EB,-93,ESP32_8
2022-04-06 12:26:11.251350,D8:01:00:07:6B:5C,-93,ESP32_8
2022-04-06 12:26:13.776915,DF:99:1C:50:22:47,-81,ESP32_7
2022-04-06 12:26:13.784095,D8:01:00:07:6B:5C,-89,ESP32_8
2022-04-06 12:26:14.999436,D8:01:00:07:6B:5C,-87,ESP32_8
2022-04-06 12:26:15.046690,D8:01:00:07:6B:5C,-92,ESP32_7
2022-04-06 12:26:15.902418,DC:2C:6E:18:84:EB,-83,ESP32_1
2022-04-06 12:26:17.557426,D8:01:00:07:6B:5C,-91,ESP32_7
2022-04-06 12:26:17.591690,D8:01:00:07:6B:5C,-81,ESP32_8
2022-04-06 12:26:18.526232,DC:2C:6E:18:84:EB,-83,ESP32_7
2022-04-06 12:26:19.519190,DC:2C:6E:18:84:EB,-77,ESP32_7
2022-04-06 12:26:19.601073,DC:2C:6E:18:84:EB,-87,ESP32_2
2022-04-06 12:26:22.500459,DC:2C:6E:18:84:EB,-88,ESP32_7
2022-04-06 12:26:22.508793,DC:2C:6E:18:84:EB,-92,ESP32_8
2022-04-06 12:26:22.581421,DC:2C:6E:18:84:EB,-96,ESP32_2
2022-04-06 12:26:22.816072,D8:01:00:07:6B:5C,-89,ESP32_7
2022-04-06 12:26:23.525235,DC:2C:6E:18:84:EB,-78,ESP32_7
2022-04-06 12:26:23.589671,DC:2C:6E:18:84:EB,-96,ESP32_5
2022-04-06 12:26:23.609567,DC:2C:6E:18:84:EB,-90,ESP32_2
2022-04-06 12:26:24.127842,D8:01:00:07:6B:5C,-92,ESP32_7
2022-04-06 12:26:25.572789,D8:01:00:07:6B:5C,-95,ESP32_2
2022-04-06 12:26:27.936178,D8:01:00:07:6B:5C,-91,ESP32_2
2022-04-06 12:26:28.593175,DC:2C:6E:18:84:EB,-97,ESP32_6
2022-04-06 12:26:28.682346,DC:2C:6E:18:84:EB,-84,ESP32_1
2022-04-06 12:26:28.714013,DC:2C:6E:18:84:EB,-88,ESP32_7
2022-04-06 12:26:29.761962,DC:2C:6E:18:84:EB,-90,ESP32_1
2022-04-06 12:26:30.499474,D8:01:00:07:6B:5C,-85,ESP32_8
2022-04-06 12:26:30.564481,D8:01:00:07:6B:5C,-91,ESP32_2
2022-04-06 12:26:31.553977,DC:2C:6E:18:84:EB,-93,ESP32_7
2022-04-06 12:26:31.695194,DC:2C:6E:18:84:EB,-94,ESP32_2
2022-04-06 12:26:32.599631,DC:2C:6E:18:84:EB,-94,ESP32_7
2022-04-06 12:26:32.617652,DC:2C:6E:18:84:EB,-99,ESP32_2
2022-04-06 12:26:33.733687,DC:2C:6E:18:84:EB,-92,ESP32_1
2022-04-06 12:26:36.619578,DC:2C:6E:18:84:EB,-91,ESP32_8
2022-04-06 12:26:36.949017,D8:01:00:07:6B:5C,-91,ESP32_2
2022-04-06 12:26:38.617745,DC:2C:6E:18:84:EB,-91,ESP32_1
2022-04-06 12:26:39.405770,DF:99:1C:50:22:47,-91,ESP32_8
2022-04-06 12:26:39.589682,DF:99:1C:50:22:47,-89,ESP32_2
2022-04-06 12:26:40.825017,D8:01:00:07:6B:5C,-87,ESP32_8
2022-04-06 12:26:40.828430,D8:01:00:07:6B:5C,-83,ESP32_2
2022-04-06 12:26:42.031907,DF:99:1C:50:22:47,-97,ESP32_7
2022-04-06 12:26:42.190246,D8:01:00:07:6B:5C,-86,ESP32_1
2022-04-06 12:26:43.416404,D8:01:00:07:6B:5C,-84,ESP32_8
2022-04-06 12:26:43.465517,D8:01:00:07:6B:5C,-82,ESP32_2
2022-04-06 12:26:43.591781,D8:01:00:07:6B:5C,-91,ESP32_7
2022-04-06 12:26:44.584763,DC:2C:6E:18:84:EB,-95,ESP32_8
2022-04-06 12:26:44.777003,D8:01:00:07:6B:5C,-90,ESP32_1
2022-04-06 12:26:45.622801,DC:2C:6E:18:84:EB,-95,ESP32_8
2022-04-06 12:26:45.624984,DF:99:1C:50:22:47,-88,ESP32_8
2022-04-06 12:26:45.760400,DC:2C:6E:18:84:EB,-94,ESP32_2
2022-04-06 12:26:47.262613,D8:01:00:07:6B:5C,-84,ESP32_8
2022-04-06 12:26:47.301114,D8:01:00:07:6B:5C,-88,ESP32_2
2022-04-06 12:26:50.626418,DC:2C:6E:18:84:EB,-93,ESP32_2
2022-04-06 12:26:51.251178,D8:01:00:07:6B:5C,-96,ESP32_1
2022-04-06 12:26:51.582843,DC:2C:6E:18:84:EB,-93,ESP32_1
2022-04-06 12:26:52.599801,DC:2C:6E:18:84:EB,-86,ESP32_8
2022-04-06 12:26:55.731818,DC:2C:6E:18:84:EB,-91,ESP32_1
2022-04-06 12:26:57.544028,DF:99:1C:50:22:47,-97,ESP32_8
2022-04-06 12:26:57.596472,DF:99:1C:50:22:47,-95,ESP32_7
2022-04-06 12:26:58.627972,DC:2C:6E:18:84:EB,-92,ESP32_8
2022-04-06 12:26:58.634697,DC:2C:6E:18:84:EB,-89,ESP32_2
2022-04-06 12:26:58.657129,D8:01:00:07:6B:5C,-93,ESP32_8
2022-04-06 12:26:59.638334,DC:2C:6E:18:84:EB,-95,ESP32_1
2022-04-06 12:26:59.691147,DC:2C:6E:18:84:EB,-97,ESP32_8
2022-04-06 12:26:59.945928,D8:01:00:07:6B:5C,-95,ESP32_1
